No,Type,Title,Authors,Volume,Issue,Published,Status,DOI,Paper_Link
1,Dataset,Pre-training for Action Recognition with Automatically Generated Fractal Datasets,"Davyd Svyezhentsev, George Retsinas, Petros Maragos",133,7,2025-3-26,Issue/Volume,10.1007/s11263-025-02420-8,https://doi.org/10.1007/s11263-025-02420-8
2,Dataset,NU-AIR: A Neuromorphic Urban Aerial Dataset for Detection and Localization of Pedestrians and Vehicles,"Craig Iaboni, Thomas Kelly, Pramod Abichandani",133,8,2025-4-3,Issue/Volume,10.1007/s11263-025-02418-2,https://doi.org/10.1007/s11263-025-02418-2
3,Dataset,A Closer Look at Benchmarking Self-supervised Pre-training with Image Classification,"Markus Marks, Manuel Knott, Neehar Kondapaneni, Elijah Cole, Thijs Defraeye, Fernando Perez-Cruz, Pietro Perona",133,8,2025-4-27,Issue/Volume,10.1007/s11263-025-02402-w,https://doi.org/10.1007/s11263-025-02402-w
4,Dataset,BackdoorBench: A Comprehensive Benchmark and Analysis of Backdoor Learning,"Baoyuan Wu, Hongrui Chen, Mingda Zhang, Zihao Zhu, Shaokui Wei, Danni Yuan, Mingli Zhu, Ruotong Wang, Li Liu, Chao Shen",133,8,2025-5-6,Issue/Volume,10.1007/s11263-025-02447-x,https://doi.org/10.1007/s11263-025-02447-x
5,Dataset,Bamboo: Building Mega-Scale Vision Dataset Continually with Human–Machine Synergy,"Yuanhan Zhang, Qinghong Sun, Yichun Zhou, Zexin He, Zhenfei Yin, Kun Wang, Lu Sheng, Yu Qiao, Jing Shao, Ziwei Liu",133,8,2025-5-13,Issue/Volume,10.1007/s11263-025-02450-2,https://doi.org/10.1007/s11263-025-02450-2
6,Dataset,BaboonLand Dataset: Tracking Primates in the Wild and Automating Behaviour Recognition from Drone Videos,"Isla Duporge, Maksim Kholiavchenko, Roi Harel, Scott Wolf, Daniel I Rubenstein, Margaret C Crofoot, Tanya Berger-Wolf, Stephen J Lee, Julie Barreau, Jenna Kline, Michelle Ramirez, Charles V Stewart",133,9,2025-6-16,Issue/Volume,10.1007/s11263-025-02493-5,https://doi.org/10.1007/s11263-025-02493-5
7,Dataset,From Forest to Zoo: Great Ape Behavior Recognition with ChimpBehave,"Michael Fuchs, Emilie Genty, Adrian Bangerter, Klaus Zuberbühler, Jean-Marc Odobez, Paul Cotofrei",133,10,2025-6-23,Issue/Volume,10.1007/s11263-025-02484-6,https://doi.org/10.1007/s11263-025-02484-6
8,Dataset,Implementation and Validation of Distributed Bundle Adjustment for Super Large Scale Datasets,"Maoteng Zheng, Nengcheng Chen, Junfeng Zhu, Xiaoru Zeng, Huanbin Qiu, Yuyao Jiang, Xingyue Lu, Hao Qu",133,10,2025-6-23,Issue/Volume,10.1007/s11263-025-02505-4,https://doi.org/10.1007/s11263-025-02505-4
9,Dataset,RealDTT: Towards A Comprehensive Real-World Dataset for Tampered Text Detection,"Junxian Duan, Hao Sun, Fan Ji, Kai Zhou, Zhiyong Wang, Huaibo Huang, Lianwen Jin",133,10,2025-7-8,Issue/Volume,10.1007/s11263-025-02515-2,https://doi.org/10.1007/s11263-025-02515-2
10,Dataset,Multi-Scale Texture Fusion for Reference-Based Image Super-Resolution: New Dataset and Solution,"Hongyang Zhou, Xiaobin Zhu, Jingyan Qin, Yu Xu, Roberto M. Cesar-, Xu-Cheng Yin",133,10,2025-7-8,Issue/Volume,10.1007/s11263-025-02514-3,https://doi.org/10.1007/s11263-025-02514-3
11,Dataset,Zero-Shot Paragraph-level Handwriting Imitation with Latent Diffusion Models,"Martin Mayr, Marcel Dreier, Florian Kordon, Mathias Seuret, Jochen Zöllner, Fei Wu, Andreas Maier, Vincent Christlein",133,10,2025-7-12,Issue/Volume,10.1007/s11263-025-02525-0,https://doi.org/10.1007/s11263-025-02525-0
12,Dataset,Insect-Foundation: A Foundation Model and Large Multimodal Dataset for Vision-Language Insect Understanding,"Thanh-Dat Truong, Hoang-Quan Nguyen, Xuan-Bac Nguyen, Ashley Dowling, Xin Li, Khoa Luu",133,10,2025-7-14,Issue/Volume,10.1007/s11263-025-02521-4,https://doi.org/10.1007/s11263-025-02521-4
13,Dataset,FineBio: A Fine-Grained Video Dataset of Biological Experiments with Hierarchical Annotation,"Takuma Yagi, Misaki Ohashi, Yifei Huang, Ryosuke Furuta, Shungo Adachi, Toutai Mitsuyama, Yoichi Sato",133,10,2025-7-22,Issue/Volume,10.1007/s11263-025-02523-2,https://doi.org/10.1007/s11263-025-02523-2
14,Dataset,Correction: BaboonLand Dataset: Tracking Primates in the Wild and Automating Behaviour Recognition from Drone Videos,"Isla Duporge, Maksim Kholiavchenko, Roi Harel, Scott Wolf, Daniel I Rubenstein, Margaret C Crofoot, Tanya Berger-Wolf, Stephen J Lee, Julie Barreau, Jenna Kline, Michelle Ramirez, Charles V Stewart",133,10,2025-8-1,Issue/Volume,10.1007/s11263-025-02532-1,https://doi.org/10.1007/s11263-025-02532-1
15,Dataset,Enhancing HDR Imaging with Joint Denoising and Deblurring,"Qiang Wen, Zhefan Rao, Chenyang Lei, Wenxiu Sun, Qiong Yan, Jing Li, Fei Lei, Qifeng Chen",133,11,2025-8-4,Issue/Volume,10.1007/s11263-025-02537-w,https://doi.org/10.1007/s11263-025-02537-w
16,Dataset,Analysing Satellite Imagery Classification under Spatial Domain Shift across Geographic Regions,"Sara A. Al-Emadi, Yin Yang, Ferda Ofli",133,11,2025-8-8,Issue/Volume,10.1007/s11263-025-02518-z,https://doi.org/10.1007/s11263-025-02518-z
17,Dataset,LvBench: A Benchmark for Long-form Video Understanding with Versatile Multi-modal Question Answering,"Hongjie Zhang, Lu Dong, Yi Liu, Yifei Huang, Yali Wang, Limin Wang, Yu Qiao",133,11,2025-8-8,Issue/Volume,10.1007/s11263-025-02555-8,https://doi.org/10.1007/s11263-025-02555-8
18,Dataset,Are you Struggling? Dataset and Baselines for Struggle Determination in Assembly Videos,"Shijia Feng, Michael Wray, Brian Sullivan, Youngkyoon Jang, Casimir Ludwig, Iain Gilchrist, Walterio Mayol-Cuevas",133,11,2025-8-11,Issue/Volume,10.1007/s11263-025-02559-4,https://doi.org/10.1007/s11263-025-02559-4
19,Dataset,Monotonic and Invertible Network: A General Framework for Learning IQA Model from Mixed Datasets,"Baoliang Chen, Kang Xiao, Xuelin Shen, Shiqi Wang",133,11,2025-8-18,Issue/Volume,10.1007/s11263-025-02565-6,https://doi.org/10.1007/s11263-025-02565-6
20,Dataset,Mitigating Knowledge Discrepancies among Multiple Datasets for Task-agnostic Unified Face Alignment,"Jiahao Xia, Min Xu, Wenjian Huang, Jianguo Zhang, Haimin Zhang, Chunxia Xiao",133,11,2025-8-23,Issue/Volume,10.1007/s11263-025-02520-5,https://doi.org/10.1007/s11263-025-02520-5
21,Dataset,GenderBias-VL: Benchmarking Gender Bias in Vision Language Models via Counterfactual Probing,"Yisong Xiao, Xianglong Liu, QianJia Cheng, Zhenfei Yin, Siyuan Liang, Jiapeng Li, Jing Shao, Aishan Liu, Dacheng Tao",133,12,2025-9-15,Issue/Volume,10.1007/s11263-025-02556-7,https://doi.org/10.1007/s11263-025-02556-7
22,Dataset,Ego-Exo4D: Understanding Skilled Human Activity from First- and Third-Person Perspectives,"Kristen Grauman, Andrew Westbury, Lorenzo Torresani, Kris Kitani, Jitendra Malik, Triantafyllos Afouras, Kumar Ashutosh, Vijay Baiyya, Siddhant Bansal, Bikram Boote, Eugene Byrne, Zach Chavis, Joya Chen, Feng Cheng, Fu-Jen Chu, Sean Crane, Avijit Dasgupta, Jing Dong, Maria Escobar, Cristhian Forigua, Abrham Gebreselasie, Sanjay Haresh, Jing Huang, Md Mohaiminul Islam, Suyog Jain, Rawal Khirodkar, Devansh Kukreja, Kevin J. Liang, Jia-Wei Liu, Sagnik Majumder, Yongsen Mao, Miguel Martin, Effrosyni Mavroudi, Tushar Nagarajan, Francesco Ragusa, Santhosh Kumar Ramakrishnan, Luigi Seminara, Arjun Somayazulu, Yale Song, Shan Su, Zihui Xue, Edward Zhang, Jinxu Zhang, Angela Castillo, Changan Chen, Xinzhu Fu, Ryosuke Furuta, Cristina González, Prince Gupta, Jiabo Hu, Yifei Huang, Yiming Huang, Weslie Khoo, Anush Kumar, Robert Kuo, Sach Lakhavani, Miao Liu, Mi Luo, Zhengyi Luo, Brighid Meredith, Austin Miller, Oluwatumininu Oguntola, Xiaqing Pan, Penny Peng, Shraman Pramanick, Merey Ramazanova, Fiona Ryan, Wei Shan, Kiran Somasundaram, Chenan Song, Audrey Southerland, Masatoshi Tateno, Huiyu Wang, Yuchen Wang, Takuma Yagi, Mingfei Yan, Xitong Yang, Zecheng Yu, Shengxin Cindy Zha, Chen Zhao, Ziwei Zhao, Zhifan Zhu, Jeff Zhuo, Pablo Arbeláez, Gedas Bertasius, David Crandall, Dima Damen, Jakob Engel, Giovanni Maria Farinella, Antonino Furnari, Bernard Ghanem, Judy Hoffman, C. V. Jawahar, Richard Newcombe, Hyun Soo Park, James M. Rehg, Yoichi Sato, Manolis Savva, Jianbo Shi, Mike Zheng Shou, Michael Wray",133,12,2025-11-24,Issue/Volume,10.1007/s11263-025-02557-6,https://doi.org/10.1007/s11263-025-02557-6
23,Dataset,SafeBench: A Safety Evaluation Framework for Multimodal Large Language Models,"Zonghao Ying, Aishan Liu, Siyuan Liang, Lei Huang, Jinyang Guo, Wenbo Zhou, Xianglong Liu, Dacheng Tao",134,1,2025-12-26,Issue/Volume,10.1007/s11263-025-02613-1,https://doi.org/10.1007/s11263-025-02613-1
24,Dataset,A Comprehensive Benchmark for Evaluating Night-time Visual Object Tracking,"Yu Liu, Arif Mahmood, Muhammad Haris Khan",134,1,2025-12-26,Issue/Volume,10.1007/s11263-025-02661-7,https://doi.org/10.1007/s11263-025-02661-7
25,Method,RepSNet: A Nucleus Instance Segmentation Model Based on Boundary Regression and Structural Re-Parameterization,"Shengchun Xiong, Xiangru Li, Yunpeng Zhong, Wanfen Peng",133,6,2025-1-2,Issue/Volume,10.1007/s11263-024-02332-z,https://doi.org/10.1007/s11263-024-02332-z
26,Method,Blind Image Quality Assessment: Exploring Content Fidelity Perceptibility via Quality Adversarial Learning,"Mingliang Zhou, Wenhao Shen, Xuekai Wei, Jun Luo, Fan Jia, Xu Zhuang, Weijia Jia",133,6,2025-1-3,Issue/Volume,10.1007/s11263-024-02338-7,https://doi.org/10.1007/s11263-024-02338-7
27,Method,Robust Sequential DeepFake Detection,"Rui Shao, Tianxing Wu, Ziwei Liu",133,6,2025-1-4,Issue/Volume,10.1007/s11263-024-02339-6,https://doi.org/10.1007/s11263-024-02339-6
28,Method,HUPE: Heuristic Underwater Perceptual Enhancement with Semantic Collaborative Learning,"Zengxi Zhang, Zhiying Jiang, Long Ma, Jinyuan Liu, Xin Fan, Risheng Liu",133,6,2025-1-4,Issue/Volume,10.1007/s11263-024-02318-x,https://doi.org/10.1007/s11263-024-02318-x
29,Method,Relation-Guided Versatile Regularization for Federated Semi-Supervised Learning,"Qiushi Yang, Zhen Chen, Zhe Peng, Yixuan Yuan",133,6,2025-1-5,Issue/Volume,10.1007/s11263-024-02330-1,https://doi.org/10.1007/s11263-024-02330-1
30,Method,General Class-Balanced Multicentric Dynamic Prototype Pseudo-Labeling for Source-Free Domain Adaptation,"Sanqing Qu, Guang Chen, Jing Zhang, Zhijun Li, Wei He, Dacheng Tao",133,6,2025-1-5,Issue/Volume,10.1007/s11263-024-02335-w,https://doi.org/10.1007/s11263-024-02335-w
31,Method,PICK: Predict and Mask for Semi-supervised Medical Image Segmentation,"Qingjie Zeng, Zilin Lu, Yutong Xie, Yong Xia",133,6,2025-1-5,Issue/Volume,10.1007/s11263-024-02328-9,https://doi.org/10.1007/s11263-024-02328-9
32,Method,Delving Deep into Simplicity Bias for Long-Tailed Image Recognition,"Xiu-Shen Wei, Xuhao Sun, Yang Shen, Peng Wang",133,6,2025-1-6,Issue/Volume,10.1007/s11263-024-02342-x,https://doi.org/10.1007/s11263-024-02342-x
33,Method,Context-Aware Multi-view Stereo Network for Efficient Edge-Preserving Depth Estimation,"Wanjuan Su, Wenbing Tao",133,6,2025-1-7,Issue/Volume,10.1007/s11263-024-02337-8,https://doi.org/10.1007/s11263-024-02337-8
34,Method,LDTrack: Dynamic People Tracking by Service Robots Using Diffusion Models,"Angus Fung, Beno Benhabib, Goldie Nejat",133,6,2025-1-8,Issue/Volume,10.1007/s11263-024-02336-9,https://doi.org/10.1007/s11263-024-02336-9
35,Method,Learning Meshing from Delaunay Triangulation for 3D Shape Representation,"Chen Zhang, Wenbing Tao",133,6,2025-1-10,Issue/Volume,10.1007/s11263-024-02344-9,https://doi.org/10.1007/s11263-024-02344-9
36,Method,RIGID: Recurrent GAN Inversion and Editing of Real Face Videos and Beyond,"Yangyang Xu, Shengfeng He, Kwan-Yee K. Wong, Ping Luo",133,6,2025-1-13,Issue/Volume,10.1007/s11263-024-02329-8,https://doi.org/10.1007/s11263-024-02329-8
37,Method,UniCanvas: Affordance-Aware Unified Real Image Editing via Customized Text-to-Image Generation,"Jian Jin, Yang Shen, Xinyang Zhao, Zhenyong Fu, Jian Yang",133,6,2025-1-14,Issue/Volume,10.1007/s11263-024-02334-x,https://doi.org/10.1007/s11263-024-02334-x
38,Method,Generalized Robot Vision-Language Model via Linguistic Foreground-Aware Contrast,"Kangcheng Liu, Chaoqun Wang, Xiaodong Han, Yong-Jin Liu, Baoquan Chen",133,6,2025-1-14,Issue/Volume,10.1007/s11263-024-02340-z,https://doi.org/10.1007/s11263-024-02340-z
39,Method,Unsupervised Semantic Segmentation of Urban Scenes via Cross-Modal Distillation,"Antonin Vobecky, David Hurych, Oriane Siméoni, Spyros Gidaris, Andrei Bursuc, Patrick Pérez, Josef Sivic",133,6,2025-1-15,Issue/Volume,10.1007/s11263-024-02320-3,https://doi.org/10.1007/s11263-024-02320-3
40,Method,Rethinking Generalizability and Discriminability of Self-Supervised Learning from Evolutionary Game Theory Perspective,"Jiangmeng Li, Zehua Zang, Qirui Ji, Chuxiong Sun, Wenwen Qiang, Junge Zhang, Changwen Zheng, Fuchun Sun, Hui Xiong",133,6,2025-1-19,Issue/Volume,10.1007/s11263-024-02321-2,https://doi.org/10.1007/s11263-024-02321-2
41,Method,Correction: CMAE-3D: Contrastive Masked AutoEncoders for Self-Supervised 3D Object Detection,"Yanan Zhang, Jiaxin Chen, Di Huang",133,6,2025-1-22,Issue/Volume,10.1007/s11263-025-02359-w,https://doi.org/10.1007/s11263-025-02359-w
42,Method,Pre-trained Trojan Attacks for Visual Recognition,"Aishan Liu, Xianglong Liu, Xinwei Zhang, Yisong Xiao, Yuguang Zhou, Siyuan Liang, Jiakai Wang, Xiaochun Cao, Dacheng Tao",133,6,2025-1-22,Issue/Volume,10.1007/s11263-024-02333-y,https://doi.org/10.1007/s11263-024-02333-y
43,Method,GL-MCM: Global and Local Maximum Concept Matching for Zero-Shot Out-of-Distribution Detection,"Atsuyuki Miyai, Qing Yu, Go Irie, Kiyoharu Aizawa",133,6,2025-1-22,Issue/Volume,10.1007/s11263-025-02356-z,https://doi.org/10.1007/s11263-025-02356-z
44,Method,A Mutual Supervision Framework for Referring Expression Segmentation and Generation,"Shijia Huang, Feng Li, Hao Zhang, Shilong Liu, Lei Zhang, Liwei Wang",133,6,2025-1-23,Issue/Volume,10.1007/s11263-024-02325-y,https://doi.org/10.1007/s11263-024-02325-y
45,Method,MoonShot: Towards Controllable Video Generation and Editing with Motion-Aware Multimodal Conditions,"David Junhao Zhang, Dongxu Li, Hung Le, Mike Zheng Shou, Caiming Xiong, Doyen Sahoo",133,6,2025-1-24,Issue/Volume,10.1007/s11263-025-02346-1,https://doi.org/10.1007/s11263-025-02346-1
46,Method,DeepFake-Adapter: Dual-Level Adapter for DeepFake Detection,"Rui Shao, Tianxing Wu, Liqiang Nie, Ziwei Liu",133,6,2025-1-24,Issue/Volume,10.1007/s11263-024-02274-6,https://doi.org/10.1007/s11263-024-02274-6
47,Method,SeaFormer++: Squeeze-Enhanced Axial Transformer for Mobile Visual Recognition,"Qiang Wan, Zilong Huang, Jiachen Lu, Gang Yu, Li Zhang",133,6,2025-1-25,Issue/Volume,10.1007/s11263-025-02345-2,https://doi.org/10.1007/s11263-025-02345-2
48,Method,Correction: Deep Attention Learning for Pre-operative Lymph Node Metastasis Prediction in Pancreatic Cancer via Multi-object Relationship Modeling,"Zhilin Zheng, Xu Fang, Jiawen Yao, Mengmeng Zhu, Le Lu, Yu Shi, Hong Lu, Jianping Lu, Ling Zhang, Chengwei Shao, Yun Bian",133,6,2025-1-25,Issue/Volume,10.1007/s11263-025-02360-3,https://doi.org/10.1007/s11263-025-02360-3
49,Method,Correction: Few Annotated Pixels and Point Cloud Based Weakly Supervised Semantic Segmentation of Driving Scenes,"Huimin Ma, Sheng Yi, Shijie Chen, Jiansheng Chen, Yu Wang",133,6,2025-1-27,Issue/Volume,10.1007/s11263-025-02366-x,https://doi.org/10.1007/s11263-025-02366-x
50,Method,Image Synthesis Under Limited Data: A Survey and Taxonomy,"Mengping Yang, Zhe Wang",133,6,2025-1-27,Issue/Volume,10.1007/s11263-025-02357-y,https://doi.org/10.1007/s11263-025-02357-y
51,Method,Dual-Space Video Person Re-identification,"Jiaxu Leng, Changjiang Kuang, Shuang Li, Ji Gan, Haosheng Chen, Xinbo Gao",133,6,2025-1-27,Issue/Volume,10.1007/s11263-025-02350-5,https://doi.org/10.1007/s11263-025-02350-5
52,Method,Learning with Enriched Inductive Biases for Vision-Language Models,"Lingxiao Yang, Ru-Yuan Zhang, Qi Chen, Xiaohua Xie",133,6,2025-1-28,Issue/Volume,10.1007/s11263-025-02354-1,https://doi.org/10.1007/s11263-025-02354-1
53,Method,Sample-Cohesive Pose-Aware Contrastive Facial Representation Learning,"Yuanyuan Liu, Shaoze Feng, Shuyang Liu, Yibing Zhan, Dapeng Tao, Zijing Chen, Zhe Chen",133,6,2025-1-28,Issue/Volume,10.1007/s11263-025-02348-z,https://doi.org/10.1007/s11263-025-02348-z
54,Method,Self-supervised Shutter Unrolling with Events,"Mingyuan Lin, Yangguang Wang, Xiang Zhang, Boxin Shi, Wen Yang, Chu He, Gui-song Xia, Lei Yu",133,6,2025-1-29,Issue/Volume,10.1007/s11263-025-02364-z,https://doi.org/10.1007/s11263-025-02364-z
55,Method,TryOn-Adapter: Efficient Fine-Grained Clothing Identity Adaptation for High-Fidelity Virtual Try-On,"Jiazheng Xing, Chao Xu, Yijie Qian, Yang Liu, Guang Dai, Baigui Sun, Yong Liu, Jingdong Wang",133,6,2025-1-31,Issue/Volume,10.1007/s11263-025-02352-3,https://doi.org/10.1007/s11263-025-02352-3
56,Method,DiffuVolume: Diffusion Model for Volume based Stereo Matching,"Dian Zheng, Xiao-Ming Wu, Zuhao Liu, Jingke Meng, Wei-Shi Zheng",133,7,2025-2-1,Issue/Volume,10.1007/s11263-025-02362-1,https://doi.org/10.1007/s11263-025-02362-1
57,Method,Correction: SplitNet: Learnable Clean-Noisy Label Splitting for Learning with Noisy Labels,"Daehwan Kim, Kwangrok Ryoo, Hansang Cho, Seungryong Kim",133,7,2025-2-4,Issue/Volume,10.1007/s11263-025-02367-w,https://doi.org/10.1007/s11263-025-02367-w
58,Method,Contrastive Decoupled Representation Learning and Regularization for Speech-Preserving Facial Expression Manipulation,"Tianshui Chen, Jianman Lin, Zhijing Yang, Chumei Qing, Yukai Shi, Liang Lin",133,7,2025-2-4,Issue/Volume,10.1007/s11263-025-02358-x,https://doi.org/10.1007/s11263-025-02358-x
59,Method,Towards Boosting Out-of-Distribution Detection from a Spatial Feature Importance Perspective,"Yao Zhu, Xiu Yan, Chuanlong Xie",133,7,2025-2-5,Issue/Volume,10.1007/s11263-025-02347-0,https://doi.org/10.1007/s11263-025-02347-0
60,Method,Learning Structure-Supporting Dependencies via Keypoint Interactive Transformer for General Mammal Pose Estimation,"Tianyang Xu, Jiyong Rao, Xiaoning Song, Zhenhua Feng, Xiao-Jun Wu",133,7,2025-2-7,Issue/Volume,10.1007/s11263-025-02355-0,https://doi.org/10.1007/s11263-025-02355-0
61,Method,LiDAR-guided Geometric Pretraining for Vision-Centric 3D Object Detection,"Linyan Huang, Huijie Wang, Jia Zeng, Shengchuan Zhang, Liujuan Cao, Junchi Yan, Hongyang Li",133,7,2025-2-9,Issue/Volume,10.1007/s11263-025-02351-4,https://doi.org/10.1007/s11263-025-02351-4
62,Method,Smaller But Better: Unifying Layout Generation with Smaller Large Language Models,"Peirong Zhang, Jiaxin Zhang, Jiahuan Cao, Hongliang Li, Lianwen Jin",133,7,2025-2-12,Issue/Volume,10.1007/s11263-025-02353-2,https://doi.org/10.1007/s11263-025-02353-2
63,Method,An Experimental Study on Exploring Strong Lightweight Vision Transformers via Masked Image Modeling Pre-training,"Jin Gao, Shubo Lin, Shaoru Wang, Yutong Kou, Zeming Li, Liang Li, Congxuan Zhang, Xiaoqin Zhang, Yizheng Wang, Weiming Hu",133,7,2025-2-13,Issue/Volume,10.1007/s11263-024-02327-w,https://doi.org/10.1007/s11263-024-02327-w
64,Method,Fusion4DAL: Offline Multi-modal 3D Object Detection for 4D Auto-labeling,"Zhiyuan Yang, Xuekuan Wang, Wei Zhang, Xiao Tan, Jincheng Lu, Jingdong Wang, Errui Ding, Cairong Zhao",133,7,2025-2-15,Issue/Volume,10.1007/s11263-025-02370-1,https://doi.org/10.1007/s11263-025-02370-1
65,Method,Diagnosing Human-Object Interaction Detectors,"Fangrui Zhu, Yiming Xie, Weidi Xie, Huaizu Jiang",133,4,2025-2-16,Issue/Volume,10.1007/s11263-025-02369-8,https://doi.org/10.1007/s11263-025-02369-8
66,Method,VideoQA in the Era of LLMs: An Empirical Study,"Junbin Xiao, Nanxin Huang, Hangyu Qin, Dongyang Li, Yicong Li, Fengbin Zhu, Zhulin Tao, Jianxing Yu, Liang Lin, Tat-Seng Chua, Angela Yao",133,7,2025-2-18,Issue/Volume,10.1007/s11263-025-02385-8,https://doi.org/10.1007/s11263-025-02385-8
67,Method,VL-Trojan: Multimodal Instruction Backdoor Attacks against Autoregressive Visual Language Models,"Jiawei Liang, Siyuan Liang, Aishan Liu, Xiaochun Cao",133,7,2025-2-19,Issue/Volume,10.1007/s11263-025-02368-9,https://doi.org/10.1007/s11263-025-02368-9
68,Method,Instance-Level Moving Object Segmentation from a Single Image with Events,"Zhexiong Wan, Bin Fan, Le Hui, Yuchao Dai, Gim Hee Lee",133,7,2025-2-20,Issue/Volume,10.1007/s11263-025-02380-z,https://doi.org/10.1007/s11263-025-02380-z
69,Method,Consistent Prompt Tuning for Generalized Category Discovery,"Muli Yang, Jie Yin, Yanan Gu, Cheng Deng, Hanwang Zhang, Hongyuan Zhu",133,7,2025-2-20,Issue/Volume,10.1007/s11263-024-02343-w,https://doi.org/10.1007/s11263-024-02343-w
70,Method,"Imbuing, Enrichment and Calibration: Leveraging Language for Unseen Domain Extension","Chenyi Jiang, Jianqin Zhao, Jingjing Deng, Zechao Li, Haofeng Zhang",133,7,2025-2-20,Issue/Volume,10.1007/s11263-025-02382-x,https://doi.org/10.1007/s11263-025-02382-x
71,Method,Bootstrapping Vision-Language Models for Frequency-Centric Self-Supervised Remote Physiological Measurement,"Zijie Yue, Miaojing Shi, Hanli Wang, Shuai Ding, Qijun Chen, Shanlin Yang",133,7,2025-2-21,Issue/Volume,10.1007/s11263-025-02388-5,https://doi.org/10.1007/s11263-025-02388-5
72,Method,Image Matting and 3D Reconstruction in One Loop,"Xinshuang Liu, Siqi Li, Yue Gao",133,7,2025-2-21,Issue/Volume,10.1007/s11263-024-02341-y,https://doi.org/10.1007/s11263-024-02341-y
73,Method,Continual Test-Time Adaptation for Single Image Defocus Deblurring via Causal Siamese Networks,"Shuang Cui, Yi Li, Jiangmeng Li, Xiongxin Tang, Bing Su, Fanjiang Xu, Hui Xiong",133,7,2025-2-22,Issue/Volume,10.1007/s11263-025-02363-0,https://doi.org/10.1007/s11263-025-02363-0
74,Method,Deep Convolutional Neural Network Enhanced Non-uniform Fast Fourier Transform for Undersampled MRI Reconstruction,"Yuze Li, Haikun Qi, Zhangxuan Hu, Haozhong Sun, Guangqi Li, Zhe Zhang, Yilong Liu, Hua Guo, Huijun Chen",133,7,2025-2-22,Issue/Volume,10.1007/s11263-025-02378-7,https://doi.org/10.1007/s11263-025-02378-7
75,Method,Swap Attention in Spatiotemporal Diffusions for Text-to-Video Generation,"Wenjing Wang, Huan Yang, Zixi Tuo, Huiguo He, Junchen Zhu, Jianlong Fu, Jiaying Liu",133,7,2025-2-24,Issue/Volume,10.1007/s11263-025-02349-y,https://doi.org/10.1007/s11263-025-02349-y
76,Method,DustNet++: Deep Learning-Based Visual Regression for Dust Density Estimation,"Andreas Michel, Martin Weinmann, Jannick Kuester, Faisal AlNasser, Tomas Gomez, Mark Falvey, Rainer Schmitz, Wolfgang Middelmann, Stefan Hinz",133,7,2025-2-24,Issue/Volume,10.1007/s11263-025-02376-9,https://doi.org/10.1007/s11263-025-02376-9
77,Method,Informative Scene Graph Generation via Debiasing,"Lianli Gao, Xinyu Lyu, Yuyu Guo, Yuxuan Hu, Yuan-Fang Li, Lu Xu, Heng Tao Shen, Jingkuan Song",133,7,2025-2-24,Issue/Volume,10.1007/s11263-025-02365-y,https://doi.org/10.1007/s11263-025-02365-y
78,Method,A Survey on Deep Stereo Matching in the Twenties,"Fabio Tosi, Luca Bartolomei, Matteo Poggi",133,7,2025-2-26,Issue/Volume,10.1007/s11263-024-02331-0,https://doi.org/10.1007/s11263-024-02331-0
79,Method,On the Trustworthiness Landscape of State-of-the-art Generative Models: A Survey and Outlook,"Mingyuan Fan, Chengyu Wang, Cen Chen, Yang Liu, Jun Huang",133,7,2025-2-28,Issue/Volume,10.1007/s11263-025-02375-w,https://doi.org/10.1007/s11263-025-02375-w
80,Method,Realistic Evaluation of Deep Active Learning for Image Classification and Semantic Segmentation,"Sudhanshu Mittal, Joshua Niemeijer, Özgün Çiçek, Maxim Tatarchenko, Jan Ehrhardt, Jörg P. Schäfer, Heinz Handels, Thomas Brox",133,7,2025-2-28,Issue/Volume,10.1007/s11263-025-02372-z,https://doi.org/10.1007/s11263-025-02372-z
81,Method,Fg-T2M++: LLMs-Augmented Fine-Grained Text Driven Human Motion Generation,"Yin Wang, Mu Li, Jiapeng Liu, Zhiying Leng, Frederick W. B. Li, Ziyao Zhang, Xiaohui Liang",133,7,2025-2-27,Issue/Volume,10.1007/s11263-025-02392-9,https://doi.org/10.1007/s11263-025-02392-9
82,Method,LMD: Light-Weight Prediction Quality Estimation for Object Detection in Lidar Point Clouds,"Tobias Riedlinger, Marius Schubert, Sarina Penquitt, Jan-Marcel Kezmann, Pascal Colling, Karsten Kahl, Lutz Roese-Koerner, Michael Arnold, Urs Zimmermann, Matthias Rottmann",133,7,2025-2-28,Issue/Volume,10.1007/s11263-025-02377-8,https://doi.org/10.1007/s11263-025-02377-8
83,Method,Unknown Support Prototype Set for Open Set Recognition,"Guosong Jiang, Pengfei Zhu, Bing Cao, Dongyue Chen, Qinghua Hu",133,7,2025-3-3,Issue/Volume,10.1007/s11263-025-02384-9,https://doi.org/10.1007/s11263-025-02384-9
84,Method,LaMD: Latent Motion Diffusion for Image-Conditional Video Generation,"Yaosi Hu, Zhenzhong Chen, Chong Luo",133,7,2025-3-3,Issue/Volume,10.1007/s11263-025-02386-7,https://doi.org/10.1007/s11263-025-02386-7
85,Method,METS: Motion-Encoded Time-Surface for Event-Based High-Speed Pose Tracking,"Ninghui Xu, Lihui Wang, Zhiting Yao, Takayuki Okatani",133,7,2025-3-5,Issue/Volume,10.1007/s11263-025-02379-6,https://doi.org/10.1007/s11263-025-02379-6
86,Method,Part-Whole Relational Fusion Towards Multi-Modal Scene Understanding,"Yi Liu, Chengxin Li, Shoukun Xu, Jungong Han",133,7,2025-3-6,Issue/Volume,10.1007/s11263-025-02393-8,https://doi.org/10.1007/s11263-025-02393-8
87,Method,Deep Hierarchical Learning for 3D Semantic Segmentation,"Chongshou Li, Yuheng Liu, Xinke Li, Yuning Zhang, Tianrui Li, Junsong Yuan",133,7,2025-3-6,Issue/Volume,10.1007/s11263-025-02387-6,https://doi.org/10.1007/s11263-025-02387-6
88,Method,Temporal Transductive Inference for Few-Shot Video Object Segmentation,Mennatullah Siam,133,7,2025-3-6,Issue/Volume,10.1007/s11263-025-02390-x,https://doi.org/10.1007/s11263-025-02390-x
89,Method,UMSCS: A Novel Unpaired Multimodal Image Segmentation Method Via Cross-Modality Generative and Semi-supervised Learning,"Feiyang Yang, Xiongfei Li, Bo Wang, Peihong Teng, Guifeng Liu",133,7,2025-3-6,Issue/Volume,10.1007/s11263-025-02389-4,https://doi.org/10.1007/s11263-025-02389-4
90,Method,Semantics-Conditioned Generative Zero-Shot Learning via Feature Refinement,"Shiming Chen, Ziming Hong, Xinge You, Ling Shao",133,7,2025-3-10,Issue/Volume,10.1007/s11263-025-02394-7,https://doi.org/10.1007/s11263-025-02394-7
91,Method,Investigating Self-Supervised Methods for Label-Efficient Learning,"Srinivasa Rao Nandam, Sara Atito, Zhenhua Feng, Josef Kittler, Muhammad Awais",133,7,2025-3-10,Issue/Volume,10.1007/s11263-025-02397-4,https://doi.org/10.1007/s11263-025-02397-4
92,Method,UniFace++: Revisiting a Unified Framework for Face Reenactment and Swapping via 3D Priors,"Chao Xu, Yijie Qian, Shaoting Zhu, Baigui Sun, Jian Zhao, Yong Liu, Xuelong Li",133,7,2025-3-11,Issue/Volume,10.1007/s11263-025-02395-6,https://doi.org/10.1007/s11263-025-02395-6
93,Method,Exemplar-Free Continual Learning of Vision Transformers via Gated Class-Attention and Cascaded Feature Drift Compensation,"Marco Cotogni, Fei Yang, Claudio Cusano, Andrew D. Bagdanov, Joost van de Weijer",133,7,2025-3-13,Issue/Volume,10.1007/s11263-025-02374-x,https://doi.org/10.1007/s11263-025-02374-x
94,Method,Attribute-Centric Compositional Text-to-Image Generation,"Yuren Cong, Martin Renqiang Min, Li Erran Li, Bodo Rosenhahn, Michael Ying Yang",133,7,2025-3-13,Issue/Volume,10.1007/s11263-025-02371-0,https://doi.org/10.1007/s11263-025-02371-0
95,Method,Parameter Efficient Fine-Tuning for Multi-modal Generative Vision Models with Möbius-Inspired Transformation,"Haoran Duan, Shuai Shao, Bing Zhai, Tejal Shah, Jungong Han, Rajiv Ranjan",133,7,2025-3-13,Issue/Volume,10.1007/s11263-025-02398-3,https://doi.org/10.1007/s11263-025-02398-3
96,Method,Expressive Image Generation and Editing with Rich Text,"Songwei Ge, Taesung Park, Jun-Yan Zhu, Jia-Bin Huang",133,7,2025-3-14,Issue/Volume,10.1007/s11263-025-02361-2,https://doi.org/10.1007/s11263-025-02361-2
97,Method,Correction: Generalized Robot Vision-Language Model via Linguistic Foreground-Aware Contrast,"Kangcheng Liu, Chaoqun Wang, Xiaodong Han, Yong-Jin Liu, Baoquan Chen",133,7,2025-3-15,Issue/Volume,10.1007/s11263-025-02383-w,https://doi.org/10.1007/s11263-025-02383-w
98,Method,Multi-Source Domain Adaptation by Causal-Guided Adaptive Multimodal Diffusion Networks,"Ziyun Cai, Yawen Huang, Tengfei Zhang, Yefeng Zheng, Dong Yue",133,7,2025-3-15,Issue/Volume,10.1007/s11263-025-02401-x,https://doi.org/10.1007/s11263-025-02401-x
99,Method,Multi-Text Guidance Is Important: Multi-Modality Image Fusion via Large Generative Vision-Language Model,"Zeyu Wang, Libo Zhao, Jizheng Zhang, Rui Song, Haiyu Song, Jiana Meng, Shidong Wang",133,7,2025-3-17,Issue/Volume,10.1007/s11263-025-02409-3,https://doi.org/10.1007/s11263-025-02409-3
100,Method,Not All Pixels are Equal: Learning Pixel Hardness for Semantic Segmentation,"Xin Xiao, Daiguo Zhou, Jiagao Hu, Yi Hu, Yongchao Xu",133,7,2025-3-17,Issue/Volume,10.1007/s11263-025-02416-4,https://doi.org/10.1007/s11263-025-02416-4
101,Method,Fusion for Visual-Infrared Person ReID in Real-World Surveillance Using Corrupted Multimodal Data,"Arthur Josi, Mahdi Alehdaghi, Rafael M. O. Cruz, Eric Granger",133,7,2025-3-18,Issue/Volume,10.1007/s11263-025-02396-5,https://doi.org/10.1007/s11263-025-02396-5
102,Method,"A Solution to Co-occurrence Bias in Pedestrian Attribute Recognition: Theory, Algorithms, and Improvements","Yibo Zhou, Hai-Miao Hu, Jinzuo Yu, Haotian Wu, Shiliang Pu, Hanzi Wang",133,7,2025-3-18,Issue/Volume,10.1007/s11263-025-02405-7,https://doi.org/10.1007/s11263-025-02405-7
103,Method,Fully Decoupled End-to-End Person Search: An Approach without Conflicting Objectives,"Pengcheng Zhang, Xiaohan Yu, Xiao Bai, Jin Zheng, Xin Ning, Edwin R. Hancock",133,7,2025-3-19,Issue/Volume,10.1007/s11263-025-02407-5,https://doi.org/10.1007/s11263-025-02407-5
104,Method,PointSea: Point Cloud Completion via Self-structure Augmentation,"Zhe Zhu, Honghua Chen, Xing He, Mingqiang Wei",133,7,2025-3-19,Issue/Volume,10.1007/s11263-025-02400-y,https://doi.org/10.1007/s11263-025-02400-y
105,Method,Learning to Generalize Heterogeneous Representation for Cross-Modality Image Synthesis via Multiple Domain Interventions,"Yawen Huang, Huimin Huang, Hao Zheng, Yuexiang Li, Feng Zheng, Xiantong Zhen, Yefeng Zheng",133,7,2025-3-19,Issue/Volume,10.1007/s11263-025-02381-y,https://doi.org/10.1007/s11263-025-02381-y
106,Method,LR-ASD: Lightweight and Robust Network for Active Speaker Detection,"Junhua Liao, Haihan Duan, Kanghui Feng, Wanbing Zhao, Yanbing Yang, Liangyin Chen, Yanru Chen",133,7,2025-3-19,Issue/Volume,10.1007/s11263-025-02399-2,https://doi.org/10.1007/s11263-025-02399-2
107,Method,CT3D++: Improving 3D Object Detection with Keypoint-Induced Channel-wise Transformer,"Hualian Sheng, Sijia Cai, Na Zhao, Bing Deng, Qiao Liang, Min-Jian Zhao, Jieping Ye",133,7,2025-3-20,Issue/Volume,10.1007/s11263-025-02404-8,https://doi.org/10.1007/s11263-025-02404-8
108,Method,Preconditioned Score-Based Generative Models,"Hengyuan Ma, Xiatian Zhu, Jianfeng Feng, Li Zhang",133,7,2025-3-21,Issue/Volume,10.1007/s11263-025-02410-w,https://doi.org/10.1007/s11263-025-02410-w
109,Method,FlowSDF: Flow Matching for Medical Image Segmentation Using Distance Transforms,"Lea Bogensperger, Dominik Narnhofer, Alexander Falk, Konrad Schindler, Thomas Pock",133,7,2025-3-22,Issue/Volume,10.1007/s11263-025-02373-y,https://doi.org/10.1007/s11263-025-02373-y
110,Method,Camouflaged Object Detection with Adaptive Partition and Background Retrieval,"Bowen Yin, Xuying Zhang, Li Liu, Ming-Ming Cheng, Yongxiang Liu, Qibin Hou",133,7,2025-3-22,Issue/Volume,10.1007/s11263-025-02406-6,https://doi.org/10.1007/s11263-025-02406-6
111,Method,LaneCorrect: Self-Supervised Lane Detection,"Ming Nie, Xinyue Cai, Hang Xu, Li Zhang",133,7,2025-3-24,Issue/Volume,10.1007/s11263-025-02417-3,https://doi.org/10.1007/s11263-025-02417-3
112,Method,ScenarioDiff: Text-to-video Generation with Dynamic Transformations of Scene Conditions,"Yipeng Zhang, Xin Wang, Hong Chen, Chenyang Qin, Yibo Hao, Hong Mei, Wenwu Zhu",133,7,2025-3-25,Issue/Volume,10.1007/s11263-025-02413-7,https://doi.org/10.1007/s11263-025-02413-7
113,Method,$$\hbox {I}^2$$MD: 3D Action Representation Learning with Inter- and Intra-Modal Mutual Distillation,"Yunyao Mao, Jiajun Deng, Wengang Zhou, Zhenbo Lu, Wanli Ouyang, Houqiang Li",133,7,2025-3-27,Issue/Volume,10.1007/s11263-025-02415-5,https://doi.org/10.1007/s11263-025-02415-5
114,Method,Advances in 3D Neural Stylization: A Survey,"Yingshu Chen, Guocheng Shao, Ka Chun Shum, Binh-Son Hua, Sai-Kit Yeung",133,8,2025-3-28,Issue/Volume,10.1007/s11263-025-02403-9,https://doi.org/10.1007/s11263-025-02403-9
115,Method,Creatively Upscaling Images with Global-Regional Priors,"Yurui Qian, Qi Cai, Yingwei Pan, Ting Yao, Tao Mei",133,8,2025-3-31,Issue/Volume,10.1007/s11263-025-02424-4,https://doi.org/10.1007/s11263-025-02424-4
116,Method,A Fast and Lightweight 3D Keypoint Detector,"Chengzhuan Yang, Qian Yu, Hui Wei, Fei Wu, Yunliang Jiang, Zhonglong Zheng, Ming-Hsuan Yang",133,8,2025-4-1,Issue/Volume,10.1007/s11263-025-02425-3,https://doi.org/10.1007/s11263-025-02425-3
117,Method,Free Lunch to Meet the Gap: Intermediate Domain Reconstruction for Cross-Domain Few-Shot Learning,"Tong Zhang, Yifan Zhao, Liangyu Wang, Jia Li",133,8,2025-4-1,Issue/Volume,10.1007/s11263-025-02419-1,https://doi.org/10.1007/s11263-025-02419-1
118,Method,Diffusion-Enhanced Test-Time Adaptation with Text and Image Augmentation,"Chun-Mei Feng, Yuanyang He, Jian Zou, Salman Khan, Huan Xiong, Zhen Li, Wangmeng Zuo, Rick Siow Mong Goh, Yong Liu",133,8,2025-4-5,Issue/Volume,10.1007/s11263-025-02412-8,https://doi.org/10.1007/s11263-025-02412-8
119,Method,AvatarStudio: High-Fidelity and Animatable 3D Avatar Creation from Text,"Xuanmeng Zhang, Jianfeng Zhang, Chenxu Zhang, Jun Hao Liew, Huichao Zhang, Yi Yang, Jiashi Feng",133,8,2025-4-7,Issue/Volume,10.1007/s11263-025-02423-5,https://doi.org/10.1007/s11263-025-02423-5
120,Method,Segment Anything in 3D with Radiance Fields,"Jiazhong Cen, Jiemin Fang, Zanwei Zhou, Chen Yang, Lingxi Xie, Xiaopeng Zhang, Wei Shen, Qi Tian",133,8,2025-4-9,Issue/Volume,10.1007/s11263-025-02421-7,https://doi.org/10.1007/s11263-025-02421-7
121,Method,"A Survey of Representation Learning, Optimization Strategies, and Applications for Omnidirectional Vision","Hao Ai, Zidong Cao, Lin Wang",133,8,2025-4-10,Issue/Volume,10.1007/s11263-025-02391-w,https://doi.org/10.1007/s11263-025-02391-w
122,Method,C2RF: Bridging Multi-modal Image Registration and Fusion via Commonality Mining and Contrastive Learning,"Linfeng Tang, Qinglong Yan, Xinyu Xiang, Leyuan Fang, Jiayi Ma",133,8,2025-4-15,Issue/Volume,10.1007/s11263-025-02427-1,https://doi.org/10.1007/s11263-025-02427-1
123,Method,SwinTextSpotter v2: Towards Better Synergy for Scene Text Spotting,"Mingxin Huang, Dezhi Peng, Hongliang Li, Zhenghao Peng, Chongyu Liu, Dahua Lin, Yuliang Liu, Xiang Bai, Lianwen Jin",133,8,2025-4-15,Issue/Volume,10.1007/s11263-025-02428-0,https://doi.org/10.1007/s11263-025-02428-0
124,Method,D3T: Dual-Domain Diffusion Transformer in Triplanar Latent Space for 3D Incomplete-View CT Reconstruction,"Xuhui Liu, Hong Li, Zhi Qiao, Yawen Huang, Xi Liu, Juan Zhang, Zhen Qian, Xiantong Zhen, Baochang Zhang",133,8,2025-4-16,Issue/Volume,10.1007/s11263-025-02426-2,https://doi.org/10.1007/s11263-025-02426-2
125,Method,Correction: Parameter Efficient Fine-Tuning for Multi-modal Generative Vision Models with Möbius-Inspired Transformation,"Haoran Duan, Shuai Shao, Bing Zhai, Tejal Shah, Jungong Han, Rajiv Ranjan",133,9,2025-4-21,Issue/Volume,10.1007/s11263-025-02456-w,https://doi.org/10.1007/s11263-025-02456-w
126,Method,P2P: Part-to-Part Motion Cues Guide a Strong Tracking Framework for LiDAR Point Clouds,"Jiahao Nie, Fei Xie, Sifan Zhou, Xueyi Zhou, Dong-Kyu Chae, Zhiwei He",133,8,2025-4-21,Issue/Volume,10.1007/s11263-025-02430-6,https://doi.org/10.1007/s11263-025-02430-6
127,Method,Correction: Investigating Self-Supervised Methods for Label-Efficient Learning,"Srinivasa Rao Nandam, Sara Atito, Zhenhua Feng, Josef Kittler, Muhammad Awais",133,9,2025-4-23,Issue/Volume,10.1007/s11263-025-02455-x,https://doi.org/10.1007/s11263-025-02455-x
128,Method,Data-Adaptive Weight-Ensembling for Multi-task Model Fusion,"Anke Tang, Li Shen, Yong Luo, Shiwei Liu, Han Hu, Bo Du, Dacheng Tao",133,8,2025-4-25,Issue/Volume,10.1007/s11263-025-02434-2,https://doi.org/10.1007/s11263-025-02434-2
129,Method,Interaction Confidence Attention for Human–Object Interaction Detection,"Hong-Bo Zhang, Wang-Kai Lin, Hang Su, Qing Lei, Jing-Hua Liu, Ji-Xiang Du",133,8,2025-4-28,Issue/Volume,10.1007/s11263-025-02445-z,https://doi.org/10.1007/s11263-025-02445-z
130,Method,Few-Shot Referring Video Single- and Multi-Object Segmentation Via Cross-Modal Affinity with Instance Sequence Matching,"Heng Liu, Guanghui Li, Mingqi Gao, Xiantong Zhen, Feng Zheng, Yang Wang",133,8,2025-4-28,Issue/Volume,10.1007/s11263-025-02444-0,https://doi.org/10.1007/s11263-025-02444-0
131,Method,ADEM-VL: Adaptive and Embedded Fusion for Efficient Vision-Language Tuning,"Zhiwei Hao, Jianyuan Guo, Li Shen, Yong Luo, Han Hu, Yonggang Wen",133,8,2025-5-3,Issue/Volume,10.1007/s11263-025-02440-4,https://doi.org/10.1007/s11263-025-02440-4
132,Method,Effectively Leveraging CLIP for Generating Situational Summaries of Images and Videos,"Dhruv Verma, Debaditya Roy, Basura Fernando",133,8,2025-5-3,Issue/Volume,10.1007/s11263-025-02429-z,https://doi.org/10.1007/s11263-025-02429-z
133,Method,P2Object: Single Point Supervised Object Detection and Instance Segmentation,"Pengfei Chen, Xuehui Yu, Xumeng Han, Kuiran Wang, Guorong Li, Lingxi Xie, Zhenjun Han, Jianbin Jiao",133,8,2025-5-3,Issue/Volume,10.1007/s11263-025-02441-3,https://doi.org/10.1007/s11263-025-02441-3
134,Method,Correction: Consistent Prompt Tuning for Generalized Category Discovery,"Muli Yang, Jie Yin, Yanan Gu, Cheng Deng, Hanwang Zhang, Hongyuan Zhu",133,8,2025-5-5,Issue/Volume,10.1007/s11263-025-02449-9,https://doi.org/10.1007/s11263-025-02449-9
135,Method,Paragraph-to-Image Generation with Information-Enriched Diffusion Model,"Weijia Wu, Zhuang Li, Yefei He, Mike Zheng Shou, Chunhua Shen, Lele Cheng, Yan Li, Tingting Gao, Di Zhang",133,8,2025-5-5,Issue/Volume,10.1007/s11263-025-02435-1,https://doi.org/10.1007/s11263-025-02435-1
136,Method,HiLM-D: Enhancing MLLMs with Multi-scale High-Resolution Details for Autonomous Driving,"Xinpeng Ding, Jianhua Han, Hang Xu, Wei Zhang, Xiaomeng Li",133,8,2025-5-7,Issue/Volume,10.1007/s11263-025-02433-3,https://doi.org/10.1007/s11263-025-02433-3
137,Method,Autoregressive Temporal Modeling for Advanced Tracking-by-Diffusion,"Pha Nguyen, Rishi Madhok, Bhiksha Raj, Khoa Luu",133,8,2025-5-9,Issue/Volume,10.1007/s11263-025-02439-x,https://doi.org/10.1007/s11263-025-02439-x
138,Method,CLIMS++: Cross Language Image Matching with Automatic Context Discovery for Weakly Supervised Semantic Segmentation,"Jinheng Xie, Songhe Deng, Xianxu Hou, Zhaochuan Luo, Linlin Shen, Yawen Huang, Yefeng Zheng, Mike Zheng Shou",133,8,2025-5-9,Issue/Volume,10.1007/s11263-025-02442-2,https://doi.org/10.1007/s11263-025-02442-2
139,Method,A Norm Regularization Training Strategy for Robust Image Quality Assessment Models,"Yujia Liu, Chenxi Yang, Dingquan Li, Tingting Jiang, Tiejun Huang",133,9,2025-5-12,Issue/Volume,10.1007/s11263-025-02458-8,https://doi.org/10.1007/s11263-025-02458-8
140,Method,An Information Theory-Inspired Strategy for Automated Network Pruning,"Xiawu Zheng, Yuexiao Ma, Teng Xi, Gang Zhang, Errui Ding, Yuchao Li, Jie Chen, Yonghong Tian, Rongrong Ji",133,8,2025-5-12,Issue/Volume,10.1007/s11263-025-02437-z,https://doi.org/10.1007/s11263-025-02437-z
141,Method,Exploring Bidirectional Bounds for Minimax-Training of Energy-Based Models,"Cong Geng, Jia Wang, Li Chen, Zhiyong Gao, Jes Frellsen, Søren Hauberg",133,9,2025-5-13,Issue/Volume,10.1007/s11263-025-02460-0,https://doi.org/10.1007/s11263-025-02460-0
142,Method,"IPAD: Iterative, Parallel, and Diffusion-Based Network for Scene Text Recognition","Xiaomeng Yang, Zhi Qiao, Yu Zhou",133,8,2025-5-14,Issue/Volume,10.1007/s11263-025-02443-1,https://doi.org/10.1007/s11263-025-02443-1
143,Method,Defending Against Adversarial Examples Via Modeling Adversarial Noise,"Dawei Zhou, Nannan Wang, Bo Han, Tongliang Liu, Xinbo Gao",133,9,2025-5-14,Issue/Volume,10.1007/s11263-025-02467-7,https://doi.org/10.1007/s11263-025-02467-7
144,Method,HumanLiff: Layer-wise 3D Human Diffusion Model,"Shoukang Hu, Fangzhou Hong, Tao Hu, Liang Pan, Haiyi Mei, Weiye Xiao, Lei Yang, Ziwei Liu",133,9,2025-5-16,Issue/Volume,10.1007/s11263-025-02477-5,https://doi.org/10.1007/s11263-025-02477-5
145,Method,High-Fidelity Image Inpainting with Multimodal Guided GAN Inversion,"Libo Zhang, Yongsheng Yu, Jiali Yao, Heng Fan",133,8,2025-5-16,Issue/Volume,10.1007/s11263-025-02448-w,https://doi.org/10.1007/s11263-025-02448-w
146,Method,SimZSL: Zero-Shot Learning Beyond a Pre-defined Semantic Embedding Space,"Mina Ghadimi Atigh, Stephanie Nargang, Martin Keller-Ressel, Pascal Mettes",133,8,2025-5-17,Issue/Volume,10.1007/s11263-025-02422-6,https://doi.org/10.1007/s11263-025-02422-6
147,Method,Learning to Deblur Polarized Images,"Chu Zhou, Minggui Teng, Xinyu Zhou, Chao Xu, Imari Sato, Boxin Shi",133,9,2025-5-19,Issue/Volume,10.1007/s11263-025-02459-7,https://doi.org/10.1007/s11263-025-02459-7
148,Method,Generalized Closed-Form Formulae for Feature-Based Subpixel Alignment in Patch-Based Matching,"Laurent Valentin Jospin, Hamid Laga, Farid Boussaid, Mohammed Bennamoun",133,9,2025-5-19,Issue/Volume,10.1007/s11263-025-02457-9,https://doi.org/10.1007/s11263-025-02457-9
149,Method,Semantic-Aligned Learning with Collaborative Refinement for Unsupervised VI-ReID,"De Cheng, Lingfeng He, Nannan Wang, Dingwen Zhang, Xinbo Gao",133,9,2025-5-19,Issue/Volume,10.1007/s11263-025-02461-z,https://doi.org/10.1007/s11263-025-02461-z
150,Method,Spatial-Temporal Transformer for Single RGB-D Camera Synchronous Tracking and Reconstruction of Non-rigid Dynamic Objects,"Xiaofei Liu, Zhengkun Yi, Xinyu Wu, Wanfeng Shang",133,9,2025-5-21,Issue/Volume,10.1007/s11263-025-02469-5,https://doi.org/10.1007/s11263-025-02469-5
151,Method,Simplified Concrete Dropout - Improving the Generation of Attribution Masks for Fine-grained Classification,"Dimitri Korsch, Maha Shadaydeh, Joachim Denzler",133,8,2025-5-22,Issue/Volume,10.1007/s11263-025-02453-z,https://doi.org/10.1007/s11263-025-02453-z
152,Method,A Generalized Contour Vibration Model for Building Extraction,"Chunyan Xu, Shuaizhen Yao, Ziqiang Xu, Zhen Cui, Jian Yang",133,9,2025-5-22,Issue/Volume,10.1007/s11263-025-02468-6,https://doi.org/10.1007/s11263-025-02468-6
153,Method,RigNet++: Semantic Assisted Repetitive Image Guided Network for Depth Completion,"Zhiqiang Yan, Xiang Li, Le Hui, Zhenyu Zhang, Jun Li, Jian Yang",133,9,2025-5-23,Issue/Volume,10.1007/s11263-025-02470-y,https://doi.org/10.1007/s11263-025-02470-y
154,Method,Local Concept Embeddings for Analysis of Concept Distributions in Vision DNN Feature Spaces,"Georgii Mikriukov, Gesina Schwalbe, Korinna Bade",133,8,2025-5-24,Issue/Volume,10.1007/s11263-025-02446-y,https://doi.org/10.1007/s11263-025-02446-y
155,Method,Supplementary Prompt Learning for Vision-Language Models,"Rongfei Zeng, Zhipeng Yang, Ruiyun Yu, Yonggang Zhang",133,8,2025-5-24,Issue/Volume,10.1007/s11263-025-02451-1,https://doi.org/10.1007/s11263-025-02451-1
156,Method,MIM4D: Masked Modeling with Multi-View Video for Autonomous Driving Representation Learning,"Jialv Zou, Bencheng Liao, Qian Zhang, Wenyu Liu, Xinggang Wang",133,9,2025-5-24,Issue/Volume,10.1007/s11263-025-02464-w,https://doi.org/10.1007/s11263-025-02464-w
157,Method,PointOBB-v3: Expanding Performance Boundaries of Single Point-Supervised Oriented Object Detection,"Peiyuan Zhang, Junwei Luo, Xue Yang, Yi Yu, Qingyun Li, Yue Zhou, Xiaosong Jia, Xudong Lu, Jingdong Chen, Xiang Li, Junchi Yan, Yansheng Li",133,9,2025-5-25,Issue/Volume,10.1007/s11263-025-02486-4,https://doi.org/10.1007/s11263-025-02486-4
158,Method,Modeling Scattering Effect for Under-Display Camera Image Restoration,"Binbin Song, Jiantao Zhou, Xiangyu Chen, Shuning Xu",133,9,2025-5-25,Issue/Volume,10.1007/s11263-025-02454-y,https://doi.org/10.1007/s11263-025-02454-y
159,Method,DocScanner: Robust Document Image Rectification with Progressive Learning,"Hao Feng, Wengang Zhou, Jiajun Deng, Qi Tian, Houqiang Li",133,8,2025-5-26,Issue/Volume,10.1007/s11263-025-02431-5,https://doi.org/10.1007/s11263-025-02431-5
160,Method,Optimal Transport with Arbitrary Prior for Dynamic Resolution Network,"Zhizhong Zhang, Shujun Li, Chenyang Zhang, Lizhuang Ma, Xin Tan, Yuan Xie",133,9,2025-5-26,Issue/Volume,10.1007/s11263-025-02483-7,https://doi.org/10.1007/s11263-025-02483-7
161,Method,Lightweight Structure-Aware Attention for Visual Understanding,"Heeseung Kwon, Francisco M. Castro, Manuel J. Marin-Jimenez, Nicolas Guil, Karteek Alahari",133,9,2025-5-26,Issue/Volume,10.1007/s11263-025-02475-7,https://doi.org/10.1007/s11263-025-02475-7
162,Method,Editor’s Note: Special Issue on DAGM GCPR 2023,,133,9,2025-5-26,Issue/Volume,10.1007/s11263-025-02490-8,https://doi.org/10.1007/s11263-025-02490-8
163,Method,AutoViT: Achieving Real-Time Vision Transformers on Mobile via Latency-aware Coarse-to-Fine Search,"Zhenglun Kong, Dongkuan Xu, Zhengang Li, Peiyan Dong, Hao Tang, Yanzhi Wang, Subhabrata Mukherjee",133,9,2025-5-26,Issue/Volume,10.1007/s11263-025-02480-w,https://doi.org/10.1007/s11263-025-02480-w
164,Method,"Rethinking Open-Set Object Detection: Issues, A New Formulation, and Taxonomy","Yusuke Hosoya, Masanori Suganuma, Takayuki Okatani",133,9,2025-5-26,Issue/Volume,10.1007/s11263-025-02479-3,https://doi.org/10.1007/s11263-025-02479-3
165,Method,$$\text {A}^2\text {M}^2$$-Net: Adaptively Aligned Multi-scale Moment for Few-Shot Action Recognition,"Zilin Gao, Qilong Wang, Bingbing Zhang, Qinghua Hu, Peihua Li",133,8,2025-5-28,Issue/Volume,10.1007/s11263-025-02432-4,https://doi.org/10.1007/s11263-025-02432-4
166,Method,Img2Tab: Automatic Class Relevant Concept Discovery from StyleGAN Features for Explainable Image Classification,"Youngjae Song, Sung Kuk Shyn, Kwang-su Kim",133,9,2025-5-28,Issue/Volume,10.1007/s11263-025-02474-8,https://doi.org/10.1007/s11263-025-02474-8
167,Method,Self-Supervised Learning for Text Recognition: A Critical Survey,"Carlos Penarrubia, Jose J. Valero-Mas, Jorge Calvo-Zaragoza",133,9,2025-5-29,Issue/Volume,10.1007/s11263-025-02487-3,https://doi.org/10.1007/s11263-025-02487-3
168,Method,"About Time: Advances, Challenges, and Outlooks of Action Understanding","Alexandros Stergiou, Ronald Poppe",133,9,2025-5-30,Issue/Volume,10.1007/s11263-025-02478-4,https://doi.org/10.1007/s11263-025-02478-4
169,Method,Thread Counting in Plain Weave for Old Paintings Using Regression Deep Learning Models,"Antonio Delgado, Juan José Murillo-Fuentes, Laura Alba-Carcelén",133,9,2025-6-2,Issue/Volume,10.1007/s11263-025-02473-9,https://doi.org/10.1007/s11263-025-02473-9
170,Method,RGB-D Visual Perception for Occluded Scenes via Event Camera,"Siqi Li, Zongze Wu, Yipeng Li, Zhou Xue, Yu-Shen Liu, Yue Gao",133,8,2025-6-2,Issue/Volume,10.1007/s11263-025-02438-y,https://doi.org/10.1007/s11263-025-02438-y
171,Method,Generalized Relative Pose and Scale from Affine Correspondences,"Wanting Xu, Xinyue Zhang, Marc Pollefeys, Daniel Barath, Laurent Kneip",133,8,2025-6-2,Issue/Volume,10.1007/s11263-025-02452-0,https://doi.org/10.1007/s11263-025-02452-0
172,Method,DogRecon: Canine Prior-Guided Animatable 3D Gaussian Dog Reconstruction From A Single Image,"Gyeongsu Cho, Changwoo Kang, Donghyeon Soon, Kyungdon Joo",133,9,2025-6-2,Issue/Volume,10.1007/s11263-025-02485-5,https://doi.org/10.1007/s11263-025-02485-5
173,Method,Skim then Focus: Integrating Contextual and Fine-grained Views for Repetitive Action Counting,"Zhengqi Zhao, Xiaohu Huang, Hao Zhou, Kun Yao, Errui Ding, Jingdong Wang, Xinggang Wang, Wenyu Liu, Feng Bin",133,9,2025-6-3,Issue/Volume,10.1007/s11263-025-02471-x,https://doi.org/10.1007/s11263-025-02471-x
174,Method,Animal-CLIP: A Dual-Prompt Enhanced Vision-Language Model for Animal Action Recognition,"Yinuo Jing, Kongming Liang, Ruxu Zhang, Hao Sun, Yongxiang Li, Zhongjiang He, Zhanyu Ma",133,8,2025-6-4,Issue/Volume,10.1007/s11263-025-02408-4,https://doi.org/10.1007/s11263-025-02408-4
175,Method,Real-Time Neural Radiance Talking Portrait Synthesis via Audio-Spatial Decomposition,"Jiaxiang Tang, Kaisiyuan Wang, Hang Zhou, Xiaokang Chen, Dongliang He, Tianshu Hu, Jingtuo Liu, Ziwei Liu, Gang Zeng, Jingdong Wang",133,9,2025-6-6,Issue/Volume,10.1007/s11263-025-02481-9,https://doi.org/10.1007/s11263-025-02481-9
176,Method,A Physics-Informed Deep Learning Deformable Medical Image Registration Method Based on Neural ODEs,"Amirhossein Amiri-Hezaveh, Shelly Tan, Qing Deng, David Umulis, Lauren Cunniff, Johannes Weickenmeier, Adrian Buganza Tepole",133,9,2025-6-8,Issue/Volume,10.1007/s11263-025-02476-6,https://doi.org/10.1007/s11263-025-02476-6
177,Method,RML++: Regroup Median Loss for Combating Label Noise,"Fengpeng Li, Kemou Li, Qizhou Wang, Bo Han, Jinyu Tian, Jiantao Zhou",133,9,2025-6-9,Issue/Volume,10.1007/s11263-025-02494-4,https://doi.org/10.1007/s11263-025-02494-4
178,Method,EventEgo3D++: 3D Human Motion Capture from A Head-Mounted Event Camera,"Christen Millerdurai, Hiroyasu Akada, Jian Wang, Diogo Luvizon, Alain Pagani, Didier Stricker, Christian Theobalt, Vladislav Golyanik",133,9,2025-6-11,Issue/Volume,10.1007/s11263-025-02489-1,https://doi.org/10.1007/s11263-025-02489-1
179,Method,Fast Sampling Through The Reuse Of Attention Maps In Diffusion Models,"Rosco Hunter, Łukasz Dudziak, Mohamed S. Abdelfattah, Abhinav Mehrotra, Sourav Bhattacharya, Hongkai Wen",133,9,2025-6-11,Issue/Volume,10.1007/s11263-025-02463-x,https://doi.org/10.1007/s11263-025-02463-x
180,Method,$$E^{3}DGE$$: Self-Supervised Geometry-Aware Encoder for Style-Based 3D GAN Inversion,"Yushi Lan, Xuyi Meng, Shuai Yang, Chen Change Loy, Bo Dai",133,9,2025-6-14,Issue/Volume,10.1007/s11263-025-02496-2,https://doi.org/10.1007/s11263-025-02496-2
181,Method,StimuVAR: Spatiotemporal Stimuli-Aware Video Affective Reasoning with Multimodal Large Language Models,"Yuxiang Guo, Faizan Siddiqui, Yang Zhao, Rama Chellappa, Shao-Yuan Lo",133,9,2025-6-14,Issue/Volume,10.1007/s11263-025-02495-3,https://doi.org/10.1007/s11263-025-02495-3
182,Method,Ricci Curvature Tensor-Based Volumetric Segmentation,"Jisui Huang, Ke Chen, Andreas Alpers, Na Lei",133,9,2025-6-15,Issue/Volume,10.1007/s11263-025-02492-6,https://doi.org/10.1007/s11263-025-02492-6
183,Method,Multi-modal Prompt Alignment with Fine-grained LLM Knowledge for Unsupervised Domain Adaptation,"Bowei Xing, Xianghua Ying, Ruibin Wang, Ruohao Guo",133,9,2025-6-15,Issue/Volume,10.1007/s11263-025-02497-1,https://doi.org/10.1007/s11263-025-02497-1
184,Method,Implicit Diffusion Models for Continuous Super-Resolution,"Xuhui Liu, Sicheng Gao, Bohan Zeng, Luping Zhang, Tian Wang, Jianzhuang Liu, Baochang Zhang",133,9,2025-6-16,Issue/Volume,10.1007/s11263-025-02462-y,https://doi.org/10.1007/s11263-025-02462-y
185,Method,Weakly Supervised Salient Object Detection With Oversize Bounding Box,"Zhihao Wu, Yong Xu, Jian Yang, David Zhang",133,9,2025-6-16,Issue/Volume,10.1007/s11263-025-02482-8,https://doi.org/10.1007/s11263-025-02482-8
186,Method,Unaligned RGB Guided Hyperspectral Image Super-Resolution with Spatial-Spectral Concordance,"Yingkai Zhang, Zeqiang Lai, Tao Zhang, Ying Fu, Chenghu Zhou",133,9,2025-6-17,Issue/Volume,10.1007/s11263-025-02466-8,https://doi.org/10.1007/s11263-025-02466-8
187,Method,OCCO: LVM-Guided Infrared and Visible Image Fusion Framework Based on Object-Aware and Contextual Contrastive Learning,"Hui Li, Congcong Bian, Zeyang Zhang, Xiaoning Song, Xi Li, Xiao-Jun Wu",133,9,2025-6-17,Issue/Volume,10.1007/s11263-025-02507-2,https://doi.org/10.1007/s11263-025-02507-2
188,Method,Vision Generalist Model: A Survey,"Ziyi Wang, Yongming Rao, Shuofeng Sun, Xinrun Liu, Yi Wei, Xumin Yu, Zuyan Liu, Yanbo Wang, Hongmin Liu, Jie Zhou, Jiwen Lu",133,10,2025-6-18,Issue/Volume,10.1007/s11263-025-02502-7,https://doi.org/10.1007/s11263-025-02502-7
189,Method,An Empirical Study on Training Paradigms for Deep Supervised Hashing,"Yang Shen, Peng Wang, Xiu-Shen Wei, Yazhou Yao",133,10,2025-6-23,Issue/Volume,10.1007/s11263-025-02506-3,https://doi.org/10.1007/s11263-025-02506-3
190,Method,Exploiting Lightweight Hierarchical ViT and Dynamic Framework for Efficient Visual Tracking,"Ben Kang, Xin Chen, Jie Zhao, Chunjuan Bo, Dong Wang, Huchuan Lu",133,10,2025-6-23,Issue/Volume,10.1007/s11263-025-02500-9,https://doi.org/10.1007/s11263-025-02500-9
191,Method,Correction: Local Concept Embeddings for Analysis of Concept Distributions in Vision DNN Feature Spaces,"Georgii Mikriukov, Gesina Schwalbe, Korinna Bade",133,10,2025-6-23,Issue/Volume,10.1007/s11263-025-02501-8,https://doi.org/10.1007/s11263-025-02501-8
192,Method,Image Captions are Natural Prompts for Training Data Synthesis,"Shiye Lei, Hao Chen, Sen Zhang, Bo Zhao, Dacheng Tao",133,8,2025-6-23,Issue/Volume,10.1007/s11263-025-02436-0,https://doi.org/10.1007/s11263-025-02436-0
193,Method,Robust Object Detection with Domain-Invariant Training and Continual Test-Time Adaptation,"Qi Fan, Mattia Segu, Bernt Schiele, Dengxin Dai, Yu-Wing Tai, Chi-Keung Tang",133,10,2025-6-25,Issue/Volume,10.1007/s11263-025-02465-9,https://doi.org/10.1007/s11263-025-02465-9
194,Method,Generic Scene Graph Generation Model with Hierarchical Prompt Learning,"Xuhan Zhu, Yifei Xing, Ruiping Wang, Yaowei Wang, Xiangyuan Lan",133,10,2025-6-27,Issue/Volume,10.1007/s11263-025-02499-z,https://doi.org/10.1007/s11263-025-02499-z
195,Method,TokenPacker: Efficient Visual Projector for Multimodal LLM,"Wentong Li, Yuqian Yuan, Jian Liu, Dongqi Tang, Song Wang, Jie Qin, Jianke Zhu, Lei Zhang",133,10,2025-6-27,Issue/Volume,10.1007/s11263-025-02491-7,https://doi.org/10.1007/s11263-025-02491-7
196,Method,A Comprehensive Review of Few-Shot Action Recognition,"Yuyang Wanyan, Xiaoshan Yang, Weiming Dong, Changsheng Xu",133,10,2025-6-28,Issue/Volume,10.1007/s11263-025-02503-6,https://doi.org/10.1007/s11263-025-02503-6
197,Method,A Likelihood Ratio-Based Approach to Segmenting Unknown Objects,"Nazir Nayal, Youssef Shoeb, Fatma Güney",133,10,2025-7-2,Issue/Volume,10.1007/s11263-025-02509-0,https://doi.org/10.1007/s11263-025-02509-0
198,Method,Learning Extensible Series-Parallel Lookup Tables for Efficient Image Super-Resolution,"Jingyi Zhang, Ziwei Wang, Cheng Ma, Jie Zhou, Jiwen Lu",133,10,2025-7-2,Issue/Volume,10.1007/s11263-025-02516-1,https://doi.org/10.1007/s11263-025-02516-1
199,Method,Guiding Audio-Visual Question Answering with Collective Question Reasoning,"Baoqi Pei, Yifei Huang, Guo Chen, Jilan Xu, Yali Wang, Limin Wang, Tong Lu, Yu Qiao, Fei Wu",133,10,2025-7-3,Issue/Volume,10.1007/s11263-025-02510-7,https://doi.org/10.1007/s11263-025-02510-7
200,Method,Semantic Masking with Curriculum Learning for Robust HDR Image Reconstruction,"Zhangkai Ni, Yang Zhang, Kerui Ren, Wenhan Yang, Hanli Wang, Sam Kwong",133,10,2025-7-3,Issue/Volume,10.1007/s11263-025-02504-5,https://doi.org/10.1007/s11263-025-02504-5
201,Method,Correction: A Generalized Contour Vibration Model for Building Extraction,"Chunyan Xu, Shuaizhen Yao, Ziqiang Xu, Zhen Cui, Jian Yang",133,10,2025-7-4,Issue/Volume,10.1007/s11263-025-02512-5,https://doi.org/10.1007/s11263-025-02512-5
202,Method,Reblurring-Guided Single Image Defocus Deblurring: A Learning Framework with Misaligned Training Pairs,"Dongwei Ren, Xinya Shu, Yu Li, Xiaohe Wu, Jin Li, Wangmeng Zuo",133,10,2025-7-5,Issue/Volume,10.1007/s11263-025-02522-3,https://doi.org/10.1007/s11263-025-02522-3
203,Method,CAT-TPT: Class-Agnostic Text-based Test-time Prompt Tuning for Vision-Language Models,"Youjia Zhang, Huiling Liu, Youngeun Kim, Sungeun Hong",133,10,2025-7-5,Issue/Volume,10.1007/s11263-025-02508-1,https://doi.org/10.1007/s11263-025-02508-1
204,Method,DomainStudio: Fine-Tuning Diffusion Models for Domain-Driven Image Generation Using Limited Data,"Jingyuan Zhu, Huimin Ma, Jiansheng Chen, Jian Yuan",133,10,2025-7-11,Issue/Volume,10.1007/s11263-025-02498-0,https://doi.org/10.1007/s11263-025-02498-0
205,Method,DreamArtist: Controllable One-Shot Text-to-Image Generation via Positive-Negative Adapter,"Ziyi Dong, Pengxu Wei, Liang Lin",133,10,2025-7-11,Issue/Volume,10.1007/s11263-025-02526-z,https://doi.org/10.1007/s11263-025-02526-z
206,Method,Bayes-CAL: Robust Cross-Modal Alignment by Bayesian Approach for Few-Shot OoD Generalization,"Lin Zhu, Weihan Yin, Fan Wu, Qinying Gu, Xinbing Wang, Chenghu Zhou, Nanyang Ye",133,10,2025-7-13,Issue/Volume,10.1007/s11263-025-02527-y,https://doi.org/10.1007/s11263-025-02527-y
207,Method,A Causal Intervention Method for Domain Generalization with a Self-Supervised Auxiliary Task,"Qinkang Gong, Yan Pan, Hanjiang Lai, Jian Yin",133,10,2025-7-13,Issue/Volume,10.1007/s11263-025-02529-w,https://doi.org/10.1007/s11263-025-02529-w
208,Method,Masked Image Modeling: A Survey,"Vlad Hondru, Florinel Alin Croitoru, Shervin Minaee, Radu Tudor Ionescu, Nicu Sebe",133,10,2025-7-14,Issue/Volume,10.1007/s11263-025-02524-1,https://doi.org/10.1007/s11263-025-02524-1
209,Method,Mamba Capsule Routing Towards Part-Whole Relational Camouflaged Object Detection,"Dingwen Zhang, Liangbo Cheng, Yi Liu, Xinggang Wang, Junwei Han",133,10,2025-7-14,Issue/Volume,10.1007/s11263-025-02530-3,https://doi.org/10.1007/s11263-025-02530-3
210,Method,CEDFlow++: Latent Contour Enhancement for Dark Optical Flow Estimation,"Fengyuan Zuo, Haiyan Jin, Zhaolin Xiao, Haonan Su, Meng Zhang",133,10,2025-7-15,Issue/Volume,10.1007/s11263-025-02528-x,https://doi.org/10.1007/s11263-025-02528-x
211,Method,Active Stereo in the Wild through Virtual Pattern Projection,"Luca Bartolomei, Matteo Poggi, Fabio Tosi, Andrea Conti, Stefano Mattoccia",133,10,2025-7-16,Issue/Volume,10.1007/s11263-025-02511-6,https://doi.org/10.1007/s11263-025-02511-6
212,Method,Six-Point Method for Multi-Camera Systems with Reduced Solution Space,"Banglei Guan, Ji Zhao, Saibal Mitra, Laurent Kneip",133,10,2025-7-17,Issue/Volume,10.1007/s11263-025-02531-2,https://doi.org/10.1007/s11263-025-02531-2
213,Method,Towards Balanced Representation Learning with Semantic Anchor Regularization,"Chengjie Wang, Qiang Nie, Ying Chen, Jialin Li, Yong Liu, Xi Jiang, Yanqi Ge, Yunsheng Wu, Feng Zheng, Lizhuang Ma",133,10,2025-7-18,Issue/Volume,10.1007/s11263-025-02519-y,https://doi.org/10.1007/s11263-025-02519-y
214,Method,Learning Latent Part-Whole Hierarchies for Point Clouds,"Xiang Gao, Wei Hu, Renjie Liao",133,10,2025-7-21,Issue/Volume,10.1007/s11263-025-02533-0,https://doi.org/10.1007/s11263-025-02533-0
215,Method,High-Rate Monocular Depth Estimation via Cross Frame-Rate Collaboration of Frames and Events,"Xu Liu, Xiaopeng Fan, Jianing Li, Dianze Li, Wei Zhang, Zhengyu Ma, Yonghong Tian",133,10,2025-7-22,Issue/Volume,10.1007/s11263-025-02488-2,https://doi.org/10.1007/s11263-025-02488-2
216,Method,A Comprehensive Survey of Data Augmentation in Visual Reinforcement Learning,"Guozheng Ma, Zhen Wang, Zhecheng Yuan, Xueqian Wang, Bo Yuan, Dacheng Tao",133,10,2025-7-28,Issue/Volume,10.1007/s11263-025-02472-w,https://doi.org/10.1007/s11263-025-02472-w
217,Method,On Efficient Variants of Segment Anything Model: A Survey,"Xiaorui Sun, Jun Liu, Hengtao Shen, Xiaofeng Zhu, Ping Hu",133,10,2025-7-30,Issue/Volume,10.1007/s11263-025-02539-8,https://doi.org/10.1007/s11263-025-02539-8
218,Method,FovEx: Human-Inspired Explanations for Vision Transformers and Convolutional Neural Networks,"Mahadev Prasad Panda, Matteo Tiezzi, Martina Vilas, Gemma Roig, Bjoern M. Eskofier, Dario Zanca",133,10,2025-7-30,Issue/Volume,10.1007/s11263-025-02543-y,https://doi.org/10.1007/s11263-025-02543-y
219,Method,Segment Anything in Context with Vision Foundation Models,"Yang Liu, Muzhi Zhu, Hao Chen, Xinlong Wang, Bo Feng, Hao Wang, Shiyu Li, Raviteja Vemulapalli, Chunhua Shen",133,10,2025-7-31,Issue/Volume,10.1007/s11263-025-02517-0,https://doi.org/10.1007/s11263-025-02517-0
220,Method,"RINDNet++: Edge Detection for Discontinuity in Reflectance, Illumination, Normal, and Depth","Mengyang Pu, Yaping Huang, Qingji Guan, Zhihao Liu, Haibin Ling",133,10,2025-7-31,Issue/Volume,10.1007/s11263-025-02541-0,https://doi.org/10.1007/s11263-025-02541-0
221,Method,Hyperspectral and Multispectral Image Fusion with Arbitrary Resolution Through Self-Supervised Representations,"Ting Wang, Zipei Yan, Jizhou Li, Xile Zhao, Chao Wang, Michael Ng",133,11,2025-8-3,Issue/Volume,10.1007/s11263-025-02540-1,https://doi.org/10.1007/s11263-025-02540-1
222,Method,DM-PCL: Text-Driven Dual-Modal Prototype Consistency Learning for Weakly-Supervised Few-Shot Part Segmentation,"Mengya Han, Yong Luo, Han Hu, Zengmao Wang, Lefei Zhang, Bo Du, Ling-Yu Duan, Dacheng Tao",133,11,2025-8-4,Issue/Volume,10.1007/s11263-025-02545-w,https://doi.org/10.1007/s11263-025-02545-w
223,Method,Beyond Image Prior: Embedding Noise Prior into Latent Space of Conditional Denoising Transformer,"Yuanfei Huang, Hua Huang",133,11,2025-8-6,Issue/Volume,10.1007/s11263-025-02553-w,https://doi.org/10.1007/s11263-025-02553-w
224,Method,Learning Refractive-Diffractive Optics with Unidirectional Transformer for Large Field-of-View Imaging,"Xiangtian Ma, Lizhi Wang, Xin Wang, Weitao Song, Qilin Sun, Lin Zhu, Hua Huang",133,11,2025-8-6,Issue/Volume,10.1007/s11263-025-02546-9,https://doi.org/10.1007/s11263-025-02546-9
225,Method,Positive-Augmented Contrastive Learning for Vision-and-Language Evaluation and Training,"Sara Sarto, Nicholas Moratelli, Marcella Cornia, Lorenzo Baraldi, Rita Cucchiara",133,11,2025-8-7,Issue/Volume,10.1007/s11263-025-02535-y,https://doi.org/10.1007/s11263-025-02535-y
226,Method,Feature Hallucination for Self-supervised Action Recognition,"Lei Wang, Piotr Koniusz",133,11,2025-8-7,Issue/Volume,10.1007/s11263-025-02513-4,https://doi.org/10.1007/s11263-025-02513-4
227,Method,Sample-Aware RandAugment: Search-Free Automatic Data Augmentation for Effective Image Recognition,"Anqi Xiao, Weichen Yu, Hongyuan Yu",133,11,2025-8-8,Issue/Volume,10.1007/s11263-025-02536-x,https://doi.org/10.1007/s11263-025-02536-x
228,Method,Clothing Purification with Causality Meets Vision-Language Pretraining Models,"Zhengwei Yang, Huilin Zhu, Nan Lei, Basura Fernando, Zheng Wang",133,11,2025-8-11,Issue/Volume,10.1007/s11263-025-02548-7,https://doi.org/10.1007/s11263-025-02548-7
229,Method,Layered Semi-Second-Order Information Bottleneck and Auxiliary Domain Classification for Person Re-Identification,"Anguo Zhang, Junyi Wu, Yueming Gao, Min Gao, Zhen Chen, Yongduan Song, Sio Hang Pun",133,11,2025-8-11,Issue/Volume,10.1007/s11263-025-02558-5,https://doi.org/10.1007/s11263-025-02558-5
230,Method,Nonlocal Retinex-Based Variational Model and its Deep Unfolding Twin for Low-Light Image Enhancement,"Daniel Torres, Joan Duran, Julia Navarro, Catalina Sbert",133,11,2025-8-11,Issue/Volume,10.1007/s11263-025-02551-y,https://doi.org/10.1007/s11263-025-02551-y
231,Method,Discriminatively Matched Part Tokens for Pointly Supervised Instance Segmentation,"Zonghao Guo, Fang Wan, Mingxiang Liao, Yidan Zhang, Qixiang Ye",133,11,2025-8-12,Issue/Volume,10.1007/s11263-025-02547-8,https://doi.org/10.1007/s11263-025-02547-8
232,Method,Learning Compositionality from Multifaceted Synthetic Data for Language-based Object Detection,"Kwanyong Park, Sojung An, Yong Jae Lee, Donghyun Kim",133,11,2025-8-12,Issue/Volume,10.1007/s11263-025-02554-9,https://doi.org/10.1007/s11263-025-02554-9
233,Method,Control Color: Multimodal Diffusion-Based Interactive Image Colorization,"Zhexin Liang, Zhaochen Li, Shangchen Zhou, Chongyi Li, Chen Change Loy",133,11,2025-8-18,Issue/Volume,10.1007/s11263-025-02549-6,https://doi.org/10.1007/s11263-025-02549-6
234,Method,Multi-Prototype Hyperbolic Learning Guided by Class Hierarchy,"Paul Berg, Léo Buecher, Björn Michele, Minh-Tan Pham, Laetitia Chapel, Nicolas Courty",133,11,2025-8-22,Issue/Volume,10.1007/s11263-025-02571-8,https://doi.org/10.1007/s11263-025-02571-8
235,Method,ReCLIP++: Learn to Rectify the Bias of CLIP for Unsupervised Semantic Segmentation,"Jingyun Wang, Guoliang Kang",133,11,2025-8-22,Issue/Volume,10.1007/s11263-025-02566-5,https://doi.org/10.1007/s11263-025-02566-5
236,Method,VLPrompt-PSG: Vision-Language Prompting for Panoptic Scene Graph Generation,"Zijian Zhou, Holger Caesar, Qijun Chen, Miaojing Shi",133,11,2025-8-23,Issue/Volume,10.1007/s11263-025-02564-7,https://doi.org/10.1007/s11263-025-02564-7
237,Method,OA-DET3D: Embedding Object Awareness As A General Plug-in for Multi-Camera 3D Object Detection,"Xiaomeng Chu, Jiajun Deng, Jianmin Ji, Yu Zhang, Houqiang Li, Yanyong Zhang",133,11,2025-8-25,Issue/Volume,10.1007/s11263-025-02544-x,https://doi.org/10.1007/s11263-025-02544-x
238,Method,What Do Visual Models Look At? Dilated Attention for Targeted Transferable Attacks,"Zhipeng Wei, Jingjing Chen, Yu-Gang Jiang",133,11,2025-8-27,Issue/Volume,10.1007/s11263-025-02552-x,https://doi.org/10.1007/s11263-025-02552-x
239,Method,Diffusion Models for Image Restoration and Enhancement: A Comprehensive Survey,"Xin Li, Yulin Ren, Xin Jin, Cuiling Lan, Xingrui Wang, Wenjun Zeng, Xinchao Wang, Zhibo Chen",133,11,2025-8-28,Issue/Volume,10.1007/s11263-025-02570-9,https://doi.org/10.1007/s11263-025-02570-9
240,Method,Compressing Vision Transformer from the View of Model Property in Frequency Domain,"Zhenyu Wang, Xuemei Xie, Hao Luo, Tao Huang, Weisheng Dong, Kai Xiong, Yongxu Liu, Xuyang Li, Fan Wang, Guangming Shi",133,11,2025-8-28,Issue/Volume,10.1007/s11263-025-02561-w,https://doi.org/10.1007/s11263-025-02561-w
241,Method,Flexible Camera Calibration using a Collimator System,"Shunkun Liang, Banglei Guan, Zhenbao Yu, Dongcai Tan, Pengju Sun, Zibin Liu, Qifeng Yu, Yang Shang",133,11,2025-8-29,Issue/Volume,10.1007/s11263-025-02576-3,https://doi.org/10.1007/s11263-025-02576-3
242,Method,Depth from Coupled Optical Differentiation,"Junjie Luo, Yuxuan Liu, Emma Alexander, Qi Guo",133,11,2025-8-29,Issue/Volume,10.1007/s11263-025-02534-z,https://doi.org/10.1007/s11263-025-02534-z
243,Method,Visual Instruction Tuning towards General-Purpose Multimodal Large Language Model: A Survey,"Jiaxing Huang, Jingyi Zhang, Kai Jiang, Han Qiu, Xiaoqin Zhang, Ling Shao, Shijian Lu, Dacheng Tao",133,11,2025-8-30,Issue/Volume,10.1007/s11263-025-02572-7,https://doi.org/10.1007/s11263-025-02572-7
244,Method,SMPL-IKS: A Mixed Analytical-Neural Inverse Kinematics Solver for 3D Human Mesh Recovery,"Zijian Zhang, Muqing Wu, Honghao Qi, Tianyi Ma, Min Zhao",133,11,2025-8-30,Issue/Volume,10.1007/s11263-025-02574-5,https://doi.org/10.1007/s11263-025-02574-5
245,Method,Predictive Display for Teleoperation Based on Vector Fields Using Lidar-Camera Fusion,"Gaurav Sharma, Jeff Calder, Rajesh Rajamani",133,12,2025-8-31,Issue/Volume,10.1007/s11263-025-02550-z,https://doi.org/10.1007/s11263-025-02550-z
246,Method,Curvature Learning for Generalization of Hyperbolic Neural Networks,"Xiaomeng Fan, Yuwei Wu, Zhi Gao, Mehrtash Harandi, Yunde Jia",133,12,2025-9-1,Issue/Volume,10.1007/s11263-025-02567-4,https://doi.org/10.1007/s11263-025-02567-4
247,Method,EdgeSAM: Prompt-In-the-Loop Distillation for SAM,"Chong Zhou, Xiangtai Li, Chen Change Loy, Bo Dai",133,12,2025-9-2,Issue/Volume,10.1007/s11263-025-02562-9,https://doi.org/10.1007/s11263-025-02562-9
248,Method,Parameterized Low-Rank Regularizer for High-dimensional Visual Data,"Shuang Xu, Zixiang Zhao, Xiangyong Cao, Jiangjun Peng, Xi-Le Zhao, Deyu Meng, Yulun Zhang, Radu Timofte, Luc Van Gool",133,12,2025-9-4,Issue/Volume,10.1007/s11263-025-02569-2,https://doi.org/10.1007/s11263-025-02569-2
249,Method,Language-guided Recursive Spatiotemporal Graph Modeling for Video Summarization,"Jungin Park, Jiyoung Lee, Kwanghoon Sohn",133,12,2025-9-4,Issue/Volume,10.1007/s11263-025-02577-2,https://doi.org/10.1007/s11263-025-02577-2
250,Method,DI-Retinex: Digital-Imaging Retinex Model for Low-Light Image Enhancement,"Shangquan Sun, Wenqi Ren, Jingyang Peng, Fenglong Song, Xiaochun Cao",133,12,2025-9-6,Issue/Volume,10.1007/s11263-025-02542-z,https://doi.org/10.1007/s11263-025-02542-z
251,Method,Improving Object Detection Models via LLM-Based Training Data Synthesis,"Shi-Ran Ge, Jie Cao, Ran He",133,12,2025-9-10,Issue/Volume,10.1007/s11263-025-02560-x,https://doi.org/10.1007/s11263-025-02560-x
252,Method,Modality Confusion Learning: A Versatile Framework for Visible-Infrared Re-identification,"Yiyuan Zhang, Sanyuan Zhao, Mang Ye, Ruigang Yang, Jianbing Shen",133,12,2025-9-18,Issue/Volume,10.1007/s11263-025-02563-8,https://doi.org/10.1007/s11263-025-02563-8
253,Method,Enhance Image-to-Point-Cloud Registration with Beltrami Flow,"Pei An, You Yang, Jiaqi Yang, Muyao Peng, Qiong Liu, Liangliang Nan",133,12,2025-9-19,Issue/Volume,10.1007/s11263-025-02575-4,https://doi.org/10.1007/s11263-025-02575-4
254,Method,Collective Migration-Inspired Large-Deformation Compensation for Nonrigid Image Registration,"Dingkun Liu, Danni Ai, Hong Song, Jingfan Fan, Tianyu Fu, Deqiang Xiao, Yuanyuan Wang, Yongtian Wang, Jian Yang",133,12,2025-9-20,Issue/Volume,10.1007/s11263-025-02538-9,https://doi.org/10.1007/s11263-025-02538-9
255,Method,Boosting Domain Generalization in Remote Sensing Image Segmentation via Style Mapping and General Prototypical Contrast,"Yupei Wang, Xiaoxing Hu, Yongkang Hu, Zhuoran Sun, Shanghang Zhang, Liang Chen",133,12,2025-9-27,Issue/Volume,10.1007/s11263-025-02568-3,https://doi.org/10.1007/s11263-025-02568-3
256,Method,TraDiffusion: Trajectory-Based Training-Free Image Generation,"Mingrui Wu, Oucheng Huang, Jiayi Ji, Jianzhuang Liu, Xiaoshuai Sun, Liujuan Cao, Rongrong Ji",133,12,2025-10-16,Issue/Volume,10.1007/s11263-025-02573-6,https://doi.org/10.1007/s11263-025-02573-6
257,Method,Correction: FovEx: Human-Inspired Explanations for Vision Transformers and Convolutional Neural Networks,"Mahadev Prasad Panda, Matteo Tiezzi, Martina Vilas, Gemma Roig, Bjoern M. Eskofier, Dario Zanca",133,12,2025-10-30,Issue/Volume,10.1007/s11263-025-02580-7,https://doi.org/10.1007/s11263-025-02580-7
258,Method,SMLNet: A SPD Manifold Learning Network for Infrared and Visible Image Fusion,"Huan Kang, Hui Li, Tianyang Xu, Xiao-Jun Wu, Rui Wang, Chunyang Cheng, Josef Kittler",133,12,2025-11-5,Issue/Volume,10.1007/s11263-025-02578-1,https://doi.org/10.1007/s11263-025-02578-1
259,Method,Uncertainty-Aware and Decoupled Distillation for Semantic Segmentation,"Cong Li, Gong Cheng, Junwei Han",134,1,2025-12-18,Issue/Volume,10.1007/s11263-025-02585-2,https://doi.org/10.1007/s11263-025-02585-2
260,Method,Subspace Training Mitigates Gradient Noise Vulnerability,"Lincon Souza, Takumi Kobayashi",134,1,2025-12-19,Issue/Volume,10.1007/s11263-025-02598-x,https://doi.org/10.1007/s11263-025-02598-x
261,Method,OPONeRF: One-Point-One NeRF for Robust Few-shot Rendering,"Yu Zheng, Yueqi Duan, Kangfu Zheng, Hongru Yan, Jiwen Lu, Jie Zhou",134,1,2025-12-19,Issue/Volume,10.1007/s11263-025-02602-4,https://doi.org/10.1007/s11263-025-02602-4
262,Method,InvJND: Just Noticeable Difference Estimation via Deep Invertible Network,"Qiuping Jiang, Feiyang Liu, Ziqi Wang, Zhihua Wang, Shiqi Wang, Feng Shao, Guangtao Zhai, Weisi Lin",134,1,2025-12-22,Issue/Volume,10.1007/s11263-025-02583-4,https://doi.org/10.1007/s11263-025-02583-4
263,Method,"Unsupervised Robust Domain Adaptation: Paradigm, Theory and Algorithm","Fuxiang Huang, Xiaowei Fu, Shiyu Ye, Lina Ma, Wen Li, Xinbo Gao, David Zhang, Lei Zhang",134,1,2025-12-22,Issue/Volume,10.1007/s11263-025-02614-0,https://doi.org/10.1007/s11263-025-02614-0
264,Method,Focal Modulation for Image Restoration,"Yuning Cui, Wenqi Ren, Alois Knoll",134,1,2025-12-23,Issue/Volume,10.1007/s11263-025-02589-y,https://doi.org/10.1007/s11263-025-02589-y
265,Method,MVFormer: Multi-View Point Cloud Transformer for 3D Mechanical Component Recognition,"Ruibin Wang, Xianghua Ying, Bowei Xing",134,1,2025-12-23,Issue/Volume,10.1007/s11263-025-02621-1,https://doi.org/10.1007/s11263-025-02621-1
266,Method,Investigating Uncertainty Weighting for Multi-Task Learning: Insights and Analytical Alternative,"Lukas Kirchdorfer, Tobias Sesterhenn, Christian Bartelt, Heiner Stuckenschmidt, Lukas Schott, Jan M. Köhler",134,1,2025-12-23,Issue/Volume,10.1007/s11263-025-02625-x,https://doi.org/10.1007/s11263-025-02625-x
267,Method,From Small to Large: In-Context Learning as a New Paradigm for Domain Generalization,"Guanglin Zhou, Zhongyi Han, Shaoan Xie, Shiming Chen, Biwei Huang, Liming Zhu, Xin Gao, Lina Yao, Salman Khan",134,1,2025-12-23,Issue/Volume,10.1007/s11263-025-02618-w,https://doi.org/10.1007/s11263-025-02618-w
268,Method,Mamba-Driven Comprehensive Context Learning for Zero-Shot HOI Detection,"Jiawei Liu, Yongchao Xu, Sen Tao, Yuexuan Qi, Zheng-Jun Zha",134,1,2025-12-24,Issue/Volume,10.1007/s11263-025-02616-y,https://doi.org/10.1007/s11263-025-02616-y
269,Method,MMRL++: Parameter-Efficient and Interaction-Aware Representation Learning for Vision-Language Models,"Yuncheng Guo, Xiaodong Gu",134,1,2025-12-24,Issue/Volume,10.1007/s11263-025-02586-1,https://doi.org/10.1007/s11263-025-02586-1
270,Method,Audio-Guided Video Scene Editing,"Kaixin Shen, Ruijie Quan, Linchao Zhu, Dong Zheng, Jun Xiao, Yi Yang",134,1,2025-12-24,Issue/Volume,10.1007/s11263-025-02640-y,https://doi.org/10.1007/s11263-025-02640-y
271,Method,Dual Consistency Matching for Semi-Supervised Semantic Correspondence,"Hailong Jin, Huiying Li",134,1,2025-12-24,Issue/Volume,10.1007/s11263-025-02652-8,https://doi.org/10.1007/s11263-025-02652-8
272,Method,Efficient4D: Fast Dynamic 3D Object Generation from a Single-view Video,"Zijie Pan, Zeyu Yang, Xiatian Zhu, Li Zhang",134,1,2025-12-24,Issue/Volume,10.1007/s11263-025-02615-z,https://doi.org/10.1007/s11263-025-02615-z
273,Method,Image-based Morphological Characterization of Filamentous Biological Structures with Non-constant Curvature Shape Feature,"Jie Fan, Francesco Visentin, Barbara Mazzolai, Emanuela Del Dottore",134,1,2025-12-24,Issue/Volume,10.1007/s11263-025-02593-2,https://doi.org/10.1007/s11263-025-02593-2
274,Method,Affective Image Editing: Shaping Emotional Factors via Text Descriptions,"Peixuan Zhang, Shuchen Weng, Chengxuan Zhu, Binghao Tang, Zijian Jia, Si Li, Boxin Shi",134,1,2025-12-25,Issue/Volume,10.1007/s11263-025-02678-y,https://doi.org/10.1007/s11263-025-02678-y
275,Method,FreerCustom: Training-Free Multi-Concept Customization for Image and Video Generation,"Canyu Zhao, Ganggui Ding, Wen Wang, Zhen Yang, Zide Liu, Hao Chen, Chunhua Shen",134,1,2025-12-26,Issue/Volume,10.1007/s11263-025-02623-z,https://doi.org/10.1007/s11263-025-02623-z
276,Method,Video Mamba Suite: State Space Model as a Versatile Alternative for Video Understanding,"Guo Chen, Yifei Huang, Jilan Xu, Baoqi Pei, Jiahao Wang, Zhe Chen, Zhiqi Li, Tong Lu, Limin Wang",134,1,2025-12-26,Issue/Volume,10.1007/s11263-025-02597-y,https://doi.org/10.1007/s11263-025-02597-y
277,Method,Attention Reallocation: Towards Zero-cost and Controllable Hallucination Mitigation of MLLMs,"Chongjun Tu, Peng Ye, Dongzhan Zhou, Lei Bai, Gang Yu, Tao Chen, Wanli Ouyang",134,1,2025-12-26,Issue/Volume,10.1007/s11263-025-02607-z,https://doi.org/10.1007/s11263-025-02607-z
278,Method,Contourlet Refinement Gate Framework for Thermal Spectrum Distribution Regularized Infrared Image Super-Resolution,"Yang Zou, Zhixin Chen, Zhipeng Zhang, Xingyuan Li, Long Ma, Jinyuan Liu, Peng Wang, Yanning Zhang",134,1,2025-12-27,Issue/Volume,10.1007/s11263-025-02668-0,https://doi.org/10.1007/s11263-025-02668-0
279,Method,Oulu Remote-photoplethysmography Presentation Attacks Database (OR-PAD),"Marko Savic, Guoying Zhao",134,1,2025-12-28,Issue/Volume,10.1007/s11263-025-02588-z,https://doi.org/10.1007/s11263-025-02588-z
280,Method,UIL-AQA: Uncertainty-Aware Clip-Level Interpretable Action Quality Assessment,"Xu Dong, Xinran Liu, Wanqing Li, Anthony Adeyemi-Ejeye, Andrew Gilbert",134,1,2025-12-28,Issue/Volume,10.1007/s11263-025-02638-6,https://doi.org/10.1007/s11263-025-02638-6
281,Method,FourierMIL: Fourier Filtering-based Multiple Instance Learning for Whole Slide Image Analysis,"Yi Zheng, Harsh Sharma, Margrit Betke, Jonathan D. Cherry, Jesse B. Mez, Jennifer E. Beane, Vijaya B. Kolachalama",134,1,2025-12-28,Issue/Volume,10.1007/s11263-025-02679-x,https://doi.org/10.1007/s11263-025-02679-x
