Type,Sub-category,Decision,Title,Authors,Paper_Link,PDF_Link,ECCV_Page,Category
Dataset,-,Accept Poster,"MultiHaystack: Benchmarking Multimodal Retrieval and Reasoning over 40K Images, Videos, and Documents","Dannong Xu, zhongyu yang, Jun Chen, Yingfang Yuan, Ming Hu, Lei Sun, Luc Van Gool, Danda Paudel, Chun-Mei Feng",https://eccv.ecva.net/virtual/2026/poster/3784,,https://eccv.ecva.net/virtual/2026/poster/3784,1_Core_VDU_DocRetrieval_RAG
Dataset,-,Spotlight,DoCoG: Mask-based Multi-Type Grounded Chain-of-Thought for Document QA,"Sai Madhusudan Gunda, Jyothi Jinka, Hrithik Sagar, Aryan Jain, Venkata Venna, Anirudh Srinivasan, SANTOSH RAVI KIRAN SARVADEVABHATLA",https://eccv.ecva.net/virtual/2026/poster/3695,,https://eccv.ecva.net/virtual/2026/poster/3695,1_Core_VDU_DocRetrieval_RAG
Dataset,-,Accept Poster,HighlightBench: Benchmarking and Diagnosing Markup-Driven Table Reasoning in Scientific Documents,"Lexin Wang, Shenghua Liu, Yiwei Wang, Yujun Cai, Yuyao Ge, Jiayu Yao, Jiafeng Guo, Xueqi Cheng",https://eccv.ecva.net/virtual/2026/poster/5369,,https://eccv.ecva.net/virtual/2026/poster/5369,1_Core_VDU_DocRetrieval_RAG
Dataset,-,Accept Poster,MedRepBench: Benchmarking Structured Understanding of Medical Report Images,"Fangxin Shang, Yuan Xia, Dalu Yang, Yahui Wang, BingLinYang BingLinYang",https://eccv.ecva.net/virtual/2026/poster/5138,,https://eccv.ecva.net/virtual/2026/poster/5138,1_Core_VDU_DocRetrieval_RAG
Dataset,-,Accept Poster,OmniMapBench: Benchmarking Visual-Centric Reasoning on Diverse Map Documents,"Yang Chen, Yufan Shen, Yunwen Li, Minghao Liu, Tuney Tianyu, Bin Fu, Qunshu Lin, Zhi Yu, Botian Shi",https://eccv.ecva.net/virtual/2026/poster/4395,,https://eccv.ecva.net/virtual/2026/poster/4395,1_Core_VDU_DocRetrieval_RAG
Dataset,-,Accept Poster,BaFCo: A Document Understanding Benchmark for Complex Bangla Form Comprehension,"Abu Tyeb Azad, Ishita Apan, Fahim Ahmed, Sumaiya Karim Katha, Ezharuddin Jubaer, Armun Alam, Pranjal Nandi, Amin Ali, Aman Chadha, Md Mofijul Islam, A K M Mahbubur Rahman",https://eccv.ecva.net/virtual/2026/poster/5793,,https://eccv.ecva.net/virtual/2026/poster/5793,1_Core_VDU_DocRetrieval_RAG
Dataset,-,Accept Poster,CMDR: Contextual Multimodal Document Retrieval,"Ryota Tanaka, Taku Hasegawa, Kyosuke Nishida",https://eccv.ecva.net/virtual/2026/poster/5332,,https://eccv.ecva.net/virtual/2026/poster/5332,1_Core_VDU_DocRetrieval_RAG
Dataset,-,Accept Poster,Real5-OmniDocBench: A Full-Scale Physical Reconstruction Benchmark for Robust Document Parsing in the Wild,"Cheng Cui, Changda Zhou, Tingquan Gao, Xueqing Wang, ZIYUE GAO, Jing Tang, Yi Liu",https://eccv.ecva.net/virtual/2026/poster/5777,,https://eccv.ecva.net/virtual/2026/poster/5777,1_Core_VDU_DocRetrieval_RAG
Dataset,-,Accept Poster,CRAG-MM-Diagnostics: Enabling Stage-Wise Analysis of Knowledge-Intensive VQA,"Hanseok Oh, Parishad BehnamGhader, Benno Krojer, Hyunji Lee, Paul Pu Liang, Siva Reddy, Verna Dankers",https://eccv.ecva.net/virtual/2026/poster/5125,,https://eccv.ecva.net/virtual/2026/poster/5125,1_Core_VDU_DocRetrieval_RAG
Dataset,-,Accept Poster,VLZip: Unified Visual and Textual Compression for Interleaved Long-Context Modeling,"Yuqi Zhang, Cheng Chen, Yuyu Guo, Wenjie Yang, Lingchen Meng, Peng Di, Hang Yu, Zuxuan Wu, Yu-Gang Jiang",https://eccv.ecva.net/virtual/2026/poster/5308,,https://eccv.ecva.net/virtual/2026/poster/5308,1_Core_VDU_DocRetrieval_RAG
Method,-,Accept Poster,LightSTAR: Efficient Visual Document Retrieval via Lightweight Selection with Vision-Adaptive Refinement,"Tongkun Guan, Haocheng Wang, Wei Shen, Xiaokang Yang",https://eccv.ecva.net/virtual/2026/poster/4839,,https://eccv.ecva.net/virtual/2026/poster/4839,1_Core_VDU_DocRetrieval_RAG
Method,-,Accept Poster,Unbalanced Optimal Transport for Efficient Visual Document Retrieval,"Hoyeon Shin, Jeongyeon Kim, Yeong Jun Koh, Yeoneung Kim, Hanul Kim",https://eccv.ecva.net/virtual/2026/poster/4715,,https://eccv.ecva.net/virtual/2026/poster/4715,1_Core_VDU_DocRetrieval_RAG
Method,-,Accept Poster,MMAgent-R2: Learning to Rerank and Reject for Agentic mRAG,"Tao Zhang, Ziqi Zhang, Zongyang Ma, Yuxin Yang, Bing Li, Chunfeng Yuan, Kang Rong, Fengyun Rao, Jing LYU, Weiming Hu",https://eccv.ecva.net/virtual/2026/poster/4250,,https://eccv.ecva.net/virtual/2026/poster/4250,1_Core_VDU_DocRetrieval_RAG
Method,-,Accept Poster,MG2-RAG: Multi-Granularity Graph for Multimodal Retrieval-Augmented Generation,"Sijun Dai, Qiang Huang, Xiaoxing You, Jun Yu",https://eccv.ecva.net/virtual/2026/poster/3411,,https://eccv.ecva.net/virtual/2026/poster/3411,1_Core_VDU_DocRetrieval_RAG
Method,-,Accept Poster,ELVA: Exploring Ranking-Driven Universal Multimodal Retrieval,"Yuhan Liu, Pei Fu, Hang Li, Yukun Qi, Chao Jiang, Jingwen Fu, Zhen Liu, Bin Qin, Zhenbo Luo, Jian Luan, Jingmin Xin",https://eccv.ecva.net/virtual/2026/poster/5615,,https://eccv.ecva.net/virtual/2026/poster/5615,1_Core_VDU_DocRetrieval_RAG
Method,-,Accept Poster,Magic-MM-Embedding: Towards Visual-Token-Efficient Universal Multimodal Embedding with MLLMs,"Qi Li, Yanzhe Zhao, Yongxin Zhou, Yameng Wang, Yandong Yang, Yuanjia Zhou, Jinxiang Liu",https://eccv.ecva.net/virtual/2026/poster/5057,,https://eccv.ecva.net/virtual/2026/poster/5057,1_Core_VDU_DocRetrieval_RAG
Method,-,Accept Poster,Entropy-Gradient Grounding: Training-Free Evidence Retrieval in Vision-Language Models,"Marcel Gröpl, Jaewoo Jung, Seungryong Kim, Marc Pollefeys, Sunghwan Hong",https://eccv.ecva.net/virtual/2026/poster/3559,,https://eccv.ecva.net/virtual/2026/poster/3559,1_Core_VDU_DocRetrieval_RAG
Method,-,Accept Poster,Global-Local Dual Perception for MLLMs in High-Resolution Text-Rich Image Translation,"junxin lu, Tengfei Song, Zhanglin Wu, Lipengfei Lipengfei, Xiaowei Liang, Hui Yang, Kun Chen, NING XIE, Yunfei Lu, Jing Zhao, Shiliang Sun, Daimeng Wei",https://eccv.ecva.net/virtual/2026/poster/5236,,https://eccv.ecva.net/virtual/2026/poster/5236,1_Core_VDU_DocRetrieval_RAG
Dataset,Doc parsing / layout / tables,Spotlight,SyntheticDoc: A Large Synthetic Dataset for Document Unwarping and Illumination Correction,"Daniel Woortmann, Tanguy Magne, Olga Sorkine-Hornung",https://eccv.ecva.net/virtual/2026/poster/5293,,https://eccv.ecva.net/virtual/2026/poster/5293,2_DocParsing_Layout_OCR
Dataset,Doc parsing / layout / tables,Accept Poster,"DocLayout-VL: A Foundational Model for Hierarchical, Open-set, and Promptable Document Layout Segmentation","Venkata Venna, Srihari Bandarupalli, Anirudh Srinivasan, R Raghuveer, Sai Madhusudan Gunda, SANTOSH RAVI KIRAN SARVADEVABHATLA",https://eccv.ecva.net/virtual/2026/poster/4756,,https://eccv.ecva.net/virtual/2026/poster/4756,2_DocParsing_Layout_OCR
Dataset,Doc parsing / layout / tables,Accept Poster,StrucTab: A Structured Optimization Framework for Table Parsing,"Gengluo Li, Shangpin Peng, Chengquan Zhang, Binghong Wu, Hao Feng, Weinong Wang, Pengyuan Lyu, Huawen Shen, Xingyu Wan, Zhuotao Tian, Han Hu, Can Ma, Yu ZHOU",https://eccv.ecva.net/virtual/2026/poster/4626,,https://eccv.ecva.net/virtual/2026/poster/4626,2_DocParsing_Layout_OCR
Dataset,Doc parsing / layout / tables,Accept Poster,UniRec-0.1B: Unified Text and Formula Recognition with 0.1B Parameters,"Yongkun Du, Zhineng Chen, Yazhen Xie, Weikang Bai, Hao Feng, Wei Shi, Yuchen Su, Can Huang, Yu-Gang Jiang",https://eccv.ecva.net/virtual/2026/poster/5352,,https://eccv.ecva.net/virtual/2026/poster/5352,2_DocParsing_Layout_OCR
Dataset,Doc parsing / layout / tables,Accept Poster,Table-MCR2TR: Merged-Cell-Aware Table Recognition via Reinforced Multimodal Language Models,"Bangbang Zhou, Zhaoqing Zhu, Feiyu Gao, Hangdi Xing, Yadong Qu, Qi Zheng, Ming Yan, Hongtao Xie",https://eccv.ecva.net/virtual/2026/poster/4733,,https://eccv.ecva.net/virtual/2026/poster/4733,2_DocParsing_Layout_OCR
Method,Doc parsing / layout / tables,Accept Poster,MinerU-Diffusion: Rethinking Document OCR as Inverse Rendering via Diffusion Decoding,"Hejun Dong, Junbo Niu, Bin Wang, Weijun Zeng, Wentao Zhang, Conghui He",https://eccv.ecva.net/virtual/2026/poster/3142,,https://eccv.ecva.net/virtual/2026/poster/3142,2_DocParsing_Layout_OCR
Method,Doc parsing / layout / tables,Accept Poster,P-MTP: Efficient Document Parsing via Multi-Token Prediction with Progressive Depth Scaling,"Le Xiang, Chenxi Zhai, Shu Wei, Jingjing Wu, Qunyi Xie, Xiao Tan, KunbinChen KunbinChen, Wei He",https://eccv.ecva.net/virtual/2026/poster/5238,,https://eccv.ecva.net/virtual/2026/poster/5238,2_DocParsing_Layout_OCR
Method,Doc parsing / layout / tables,Accept Poster,HSD: Training-Free Acceleration for Document Parsing Vision-Language Models with Hierarchical Speculative Decoding,"Wenhui Liao, Hongliang Li, Pengyu Xie, Xinyu Cai, Yufan Shen, Yi Xin, Qi Qin, Shenglong Ye, Tianbin Li, Ming Hu, Junjun He, Yihao Liu, Wenhai Wang, Min Dou, Bin Fu, Botian Shi, Yu Qiao, Lianwen Jin",https://eccv.ecva.net/virtual/2026/poster/5282,,https://eccv.ecva.net/virtual/2026/poster/5282,2_DocParsing_Layout_OCR
Method,Doc parsing / layout / tables,Accept Poster,DARL: Efficient Document-to-Markup Generation via Look-Ahead Diffusion Trajectory Sampling,"Wentao Yang, Yongxin Shi, Rui Tang, Peirong Zhang, Shihang Wu, Huiguo He, Zheng Huang, Dezhi Peng, Minghui Liao, Lianwen Jin",https://eccv.ecva.net/virtual/2026/poster/5755,,https://eccv.ecva.net/virtual/2026/poster/5755,2_DocParsing_Layout_OCR
Method,Doc parsing / layout / tables,Accept Poster,RT-DocLayout: Real-Time End-to-End Document Layout Analysis with Reading Order in the Wild,"Cheng Cui, Tingquan Gao, Xueqing Wang, Changda Zhou, Hongen Liu, Ting Sun, Yubo Zhang, Zelun Zhang, Jiaxuan Liu, Manhui Lin, Yue Zhang, Suyin Liang, Yiqing Xiang, Yi Liu",https://eccv.ecva.net/virtual/2026/poster/5353,,https://eccv.ecva.net/virtual/2026/poster/5353,2_DocParsing_Layout_OCR
Method,Doc parsing / layout / tables,Accept Poster,ET-SAM: Efficient Point Prompt Prediction in SAM for Unified Scene Text Detection and Layout Analysis,"Xike Zhang, Maoyuan Ye, Juhua Liu, Bo Du",https://eccv.ecva.net/virtual/2026/poster/5878,,https://eccv.ecva.net/virtual/2026/poster/5878,2_DocParsing_Layout_OCR
Method,Doc parsing / layout / tables,Accept Poster,Efficient Document Tampering Localization with Multi-Level Discrepancy Features and Unified DCT–Quantization Embedding,"Mohamed Dhouib, Ye Zhu, Sonia Vanier, Aymen Shabou",https://eccv.ecva.net/virtual/2026/poster/5506,,https://eccv.ecva.net/virtual/2026/poster/5506,2_DocParsing_Layout_OCR
Method,Doc parsing / layout / tables,Accept Poster,Text-Conditioned Background Generation for Editable Multi-Layer Documents,"Taewon Kang, Joseph K J, Christopher Tensmeyer, Jihyung Kil, Wanrong Zhu, Ming C Lin, Vlad Morariu",https://eccv.ecva.net/virtual/2026/poster/3585,,https://eccv.ecva.net/virtual/2026/poster/3585,2_DocParsing_Layout_OCR
Dataset,Scene text / handwriting / formula,Accept Poster,Advancing WordArt-Oriented Scene Text Recognition: Datasets and Methods,"Xingsong Ye, Yongkun Du, Jiaxin Zhang, Haojie Zhang, Chong Sun, Chen Li, Jing LYU, Zhineng Chen",https://eccv.ecva.net/virtual/2026/poster/3683,,https://eccv.ecva.net/virtual/2026/poster/3683,2_DocParsing_Layout_OCR
Dataset,Scene text / handwriting / formula,Accept Poster,ClearText-Video: A Large-Scale Text-Centric Video Dataset Bridging Video Restoration and Scene-Text Enhancement,"JINLONG LI, Jiaming Ding, Dingfu Lu, Malcolm Hsiu, Chuang Ke, Kangning Yang, Bochen Guan, Lan Fu, Jie Cai, Huiming Sun, Zibo Meng",https://eccv.ecva.net/virtual/2026/poster/3992,,https://eccv.ecva.net/virtual/2026/poster/3992,2_DocParsing_Layout_OCR
Dataset,Scene text / handwriting / formula,Spotlight,"WeEdit: A Dataset, Benchmark and Glyph-Guided Framework for Text-centric Image Editing","Hui Zhang, Juntao Liu, Zongkai Liu, liqiang niu, Fandong Meng, Zuxuan Wu, Yu-Gang Jiang",https://eccv.ecva.net/virtual/2026/spotlight/6136,,https://eccv.ecva.net/virtual/2026/spotlight/6136,2_DocParsing_Layout_OCR
Method,Scene text / handwriting / formula,Accept Poster,GryphOne: Symbol-Aware Masked Diffusion for Structural Refinement in Offline Handwritten Mathematical Expression Recognition,"Takaya Kawakatsu, Ryo Ishiyama",https://eccv.ecva.net/virtual/2026/poster/3955,,https://eccv.ecva.net/virtual/2026/poster/3955,2_DocParsing_Layout_OCR
Method,Scene text / handwriting / formula,Accept Poster,Hierarchical Style Aggregation for Versatile Chinese Handwriting Generation,"Jiangpeng Wang, Fei Gao, Nannan Wang",https://eccv.ecva.net/virtual/2026/poster/3883,,https://eccv.ecva.net/virtual/2026/poster/3883,2_DocParsing_Layout_OCR
Method,Scene text / handwriting / formula,Accept Poster,Bridging Online and Offline Handwriting via Differentiable Physical Rendering,"Seonmi Park, Seunghyun Shin, Vihaan Misra, Dongmin Shin, Ukcheol Shin, Jean Oh, Hae-Gon Jeon",https://eccv.ecva.net/virtual/2026/poster/3674,,https://eccv.ecva.net/virtual/2026/poster/3674,2_DocParsing_Layout_OCR
Method,Scene text / handwriting / formula,Accept Poster,Beyond Script Family Boundaries: Towards Unified Open-Set Scene Text Recognition,"Chang Liu, Elisa Barney Smith",https://eccv.ecva.net/virtual/2026/poster/5199,,https://eccv.ecva.net/virtual/2026/poster/5199,2_DocParsing_Layout_OCR
Method,Scene text / handwriting / formula,Accept Poster,Embedding Rotation Invariance for Provable Multi-Oriented Scene Text Recognition,"zhibin ma, Pengwen Dai, Yi Liu, Xugong Qin, Chenyun Yu, Xiaochun Cao",https://eccv.ecva.net/virtual/2026/poster/5792,,https://eccv.ecva.net/virtual/2026/poster/5792,2_DocParsing_Layout_OCR
Method,Scene text / handwriting / formula,Accept Poster,TextDS: Parameter-Efficient Representation Alignment for Scene Text Detection under Distribution Shifts,"Boyuan Chen, Zichen Dang, Chuang Yang, Lap-Pui Chau, Yi Wang",https://eccv.ecva.net/virtual/2026/poster/4871,,https://eccv.ecva.net/virtual/2026/poster/4871,2_DocParsing_Layout_OCR
Method,Scene text / handwriting / formula,Accept Poster,UniTranslator: A Unified Multi-modal framework for End-to-end In-Image Machine Translation,"Jiahao Lyu, Pei Fu, Zhenhang Li, Shaojie Zhang, Jiahui Yang, Yu ZHOU, Can Ma, Zhenbo Luo, Jian Luan",https://eccv.ecva.net/virtual/2026/poster/4127,,https://eccv.ecva.net/virtual/2026/poster/4127,2_DocParsing_Layout_OCR
Dataset,-,Accept Poster,PPTArena: A Benchmark for PowerPoint Editing,"Michael Ofengenden, Yunze Man, Ziqi Pang, Liang-Yan Gui, Yu-Xiong Wang",https://eccv.ecva.net/virtual/2026/poster/4154,,https://eccv.ecva.net/virtual/2026/poster/4154,3_Chart_Diagram_Slide_Design
Dataset,-,Accept Poster,Diagram-MMU: A Multi-Modal Benchmark for Scientific Diagrams,"Weihao Bo, Shan Zhang, Yanpeng Sun, Jie Liu, Yongke Yao, Jinhao Du, Wei He, KAI ZOU, Zechao Li, Jingdong Wang",https://eccv.ecva.net/virtual/2026/poster/3381,,https://eccv.ecva.net/virtual/2026/poster/3381,3_Chart_Diagram_Slide_Design
Dataset,-,Accept Poster,CHARTSTYLE-100K: A Large-Scale Dataset for Structured Visualization Style Transfer,"Yuwei Yang, Tianchi Xie, Jinhong Ni, Yukai Guo, Jing Zhang, Liang Zheng, Yalong Bai, YUHUI YUAN",https://eccv.ecva.net/virtual/2026/poster/5569,,https://eccv.ecva.net/virtual/2026/poster/5569,3_Chart_Diagram_Slide_Design
Dataset,-,Accept Poster,OmniSch: A Multimodal PCB Schematic Benchmark For Structured Diagram Visual Reasoning,"Taiting Lu, Kaiyuan Lin, Yuxin Tian, Yubo Wang, Muchuan Wang, Sharique Khatri, Akshit Kartik, Yixi Wang, Amey Rane, Yida Wang, Yifan Yang, Yi-Chao Chen, yincheng jin, Mahanth Gowda",https://eccv.ecva.net/virtual/2026/poster/3451,,https://eccv.ecva.net/virtual/2026/poster/3451,3_Chart_Diagram_Slide_Design
Dataset,-,Accept Poster,Molecular Identifier Visual Prompting and Verifiable Reinforcement Learning for Chemical Reaction Diagram Parsing,"Jiahe Song, Chuang Wang, Yinfan Wang, Hao Zheng, Bowen Jiang, Rui Nie, Xingjian Wei, Junyuan Gao, Yubin Wang, Bin Wang, Lijun Wu, Jiang Wu, Qian Yu, Conghui He",https://eccv.ecva.net/virtual/2026/poster/4646,,https://eccv.ecva.net/virtual/2026/poster/4646,3_Chart_Diagram_Slide_Design
Dataset,-,Accept Poster,Beyond Atomic Layouts: Compositional Design Understanding with Vision-Language Models,"Yiyang Huang, Zhaowen Wang, Simon Jenni, Jing Shi, Yitian Zhang, Yizhou Wang, Yun Fu",https://eccv.ecva.net/virtual/2026/poster/4079,,https://eccv.ecva.net/virtual/2026/poster/4079,3_Chart_Diagram_Slide_Design
Dataset,-,Accept Poster,ReDesign: Recovering Editable Design Structures from Raster Images via Agentic Decomposition,"Jooyeol Yun, Jintae Park, Hyesu Lim, Junha Hyung, Hyungjin Chung, Choo Jaegul",https://eccv.ecva.net/virtual/2026/poster/3480,,https://eccv.ecva.net/virtual/2026/poster/3480,3_Chart_Diagram_Slide_Design
Method,-,Accept Poster,Mitigating Sycophancy in Multimodal Chart Understanding via Vision-Grounded Verification,"Xiaolong Wang, Zhiwei Lin, Tai Liu, Qiang Li, Jian Sun",https://eccv.ecva.net/virtual/2026/poster/5590,,https://eccv.ecva.net/virtual/2026/poster/5590,3_Chart_Diagram_Slide_Design
Method,-,Accept Poster,RobustRDP: Advancing Reaction Diagram Parsing via Synthetic-to-Real Data Scaling and Robustness-Oriented Training,"Jianting Tang, zezhong wu, Linli Xu",https://eccv.ecva.net/virtual/2026/poster/5682,,https://eccv.ecva.net/virtual/2026/poster/5682,3_Chart_Diagram_Slide_Design
Method,-,Accept Poster,Circuit-MLLM: Topological Logic-Guided Latent-Space Visual Reasoning for Circuit Schematic Understanding,"Jinyuan Deng, Yuqi Jiang, Wenjing Huang, Xin Li, Qi Sun, Cheng Zhuo",https://eccv.ecva.net/virtual/2026/poster/4463,,https://eccv.ecva.net/virtual/2026/poster/4463,3_Chart_Diagram_Slide_Design
Method,-,Accept Poster,Narrative-Driven Paper-to-Slide Generation via ArcDeck,"Tarik Can Ozden, SACHIDANAND VISHNUKUMAR SARMINI, Furkan Horoz, Ozgur Kara, Junho Kim, James Rehg",https://eccv.ecva.net/virtual/2026/poster/3590,,https://eccv.ecva.net/virtual/2026/poster/3590,3_Chart_Diagram_Slide_Design
Method,-,Accept Poster,Personalization as Inverse Planning: Learning Latent Design Intents for Agentic Slide Generation via Structural Denoising,"Tianci Liu, Zihan Dong, Linjun Zhang, Haoyu Wang, Jing Gao, Emre Kıcıman, Ranveer Chandra, Wei-Ting Chen",https://eccv.ecva.net/virtual/2026/poster/5977,,https://eccv.ecva.net/virtual/2026/poster/5977,3_Chart_Diagram_Slide_Design
Method,-,Accept Poster,PosterCopilot: Toward Layout Reasoning and Controllable Editing for Professional Graphic Design,"Jiazhe Wei, Ken Li, Tianyu Lao, Haofan Wang, Yueming Lyu, Liang Wang, Caifeng Shan, Chenyang Si",https://eccv.ecva.net/virtual/2026/poster/4148,,https://eccv.ecva.net/virtual/2026/poster/4148,3_Chart_Diagram_Slide_Design
Method,-,Accept Poster,i-Design: Step-by-Step Graphic Layout Design with Progressive Aesthetic Policy Optimization,"Sohan Patnaik, Rishabh Jain, Balaji Krishnamurthy, Mausoom Sarkar",https://eccv.ecva.net/virtual/2026/poster/5750,,https://eccv.ecva.net/virtual/2026/poster/5750,3_Chart_Diagram_Slide_Design
Method,-,Accept Poster,DIVA: Instruction-Aware Vision Token Pruning via Dual-Probe Attention Discrepancy,"Hyunwoo Kim, Kisu Lee, Yuna Shin, Ha Young Kim",https://eccv.ecva.net/virtual/2026/poster/4758,,https://eccv.ecva.net/virtual/2026/poster/4758,4_VisualToken_Efficiency
Method,-,Accept Poster,Spectral Evolution-Guided Token Pruning in Large Multimodal Models,"Bin Chen, Yuxiang Cai, Yadan Luo, Yi Zhang, Jianwei Yin, Zhi Chen",https://eccv.ecva.net/virtual/2026/poster/3609,,https://eccv.ecva.net/virtual/2026/poster/3609,4_VisualToken_Efficiency
Method,-,Accept Poster,Why and When Visual Token Pruning Fails? A Study on Relevant Visual Information Shift in MLLMs Decoding,"Jiwan Kim, Kibum Kim, Wonjoong Kim, Byung-Kwan Lee, Chanyoung Park",https://eccv.ecva.net/virtual/2026/poster/5552,,https://eccv.ecva.net/virtual/2026/poster/5552,4_VisualToken_Efficiency
Method,-,Accept Poster,SWIFT: Spatial-Window Integrated Frequency-aware Token Pruning for Efficient MLLMs on Edge Devices,"Guanglai Liu, Jubo Chen, Xiaosheng Yu",https://eccv.ecva.net/virtual/2026/poster/3307,,https://eccv.ecva.net/virtual/2026/poster/3307,4_VisualToken_Efficiency
Method,-,Accept Poster,AnchorPrune: Relevance-Anchored Contextual Expansion for Visual Token Pruning,"Kyuan Oh, Bumsoo Kim",https://eccv.ecva.net/virtual/2026/poster/4172,,https://eccv.ecva.net/virtual/2026/poster/4172,4_VisualToken_Efficiency
Method,-,Accept Poster,FlashVLM: Text-Guided Visual Token Selection for Large Multimodal Models,"Kaitong Cai, jusheng zhang, Sizhuo Ma, Bingqian Lu, Jian Wang, Keze Wang",https://eccv.ecva.net/virtual/2026/poster/4782,,https://eccv.ecva.net/virtual/2026/poster/4782,4_VisualToken_Efficiency
Method,-,Accept Poster,Structured Redundancy Modeling for Efficient Visual Token Pruning in High-Resolution MLLMs,"Jouwon Song, Woohyeong Kim, Kyeongbo Kong",https://eccv.ecva.net/virtual/2026/poster/5909,,https://eccv.ecva.net/virtual/2026/poster/5909,4_VisualToken_Efficiency
Method,-,Accept Poster,ToDRE: Effective Visual Token Pruning via Token Diversity and Task Relevance,"Duo Li, Zuhao Yang, Xiaoqin Zhang, Ling Shao, Shijian Lu",https://eccv.ecva.net/virtual/2026/poster/4815,,https://eccv.ecva.net/virtual/2026/poster/4815,4_VisualToken_Efficiency
Method,-,Accept Poster,Combating Textual Noise and Redundancy: Entropy-Aware Dense Visual Token Pruning,"Xuehui Wang, Xuankun Yang, Wei Shen",https://eccv.ecva.net/virtual/2026/poster/3558,,https://eccv.ecva.net/virtual/2026/poster/3558,4_VisualToken_Efficiency
Method,-,Spotlight,Fourier Compressor: Frequency-Domain Visual Token Compression for Vision-Language Models,"Huanyu Wang, Jushi Kai, Haoli Bai, Lu Hou, Bo Jiang, Ziwei He, Zhouhan Lin",https://eccv.ecva.net/virtual/2026/poster/3240,,https://eccv.ecva.net/virtual/2026/poster/3240,4_VisualToken_Efficiency
Method,-,Accept Poster,Accelerating Multimodal Large Language Models with Prior-Corrected Token Reduction,"Zengjie Chen, Yuxiang Cai, Jingcai Guo, Taotao Cai, Jianwei Yin, Zhi Chen",https://eccv.ecva.net/virtual/2026/poster/3636,,https://eccv.ecva.net/virtual/2026/poster/3636,4_VisualToken_Efficiency
Method,-,Accept Poster,NaVLM-PVC: Progressive Visual Compression for Efficient Native-Resolution Encoding in MLLMs,"Shichu Sun, Yichen Zhang, Haolin Song, Zonghao Guo, Chi Chen, Yidan Zhang, Yuan Yao, Zhiyuan Liu, Maosong Sun",https://eccv.ecva.net/virtual/2026/poster/4176,,https://eccv.ecva.net/virtual/2026/poster/4176,4_VisualToken_Efficiency
Method,-,Accept Poster,Perceptual Projection Pruning: Diversity-Aware Video Token Pruning for Multimodal Large Language Models,"Zhuangqiu Huang, Minxin Lai, Shuo Liu, Yu Zhang, Jiaqi Wang",https://eccv.ecva.net/virtual/2026/poster/5817,,https://eccv.ecva.net/virtual/2026/poster/5817,4_VisualToken_Efficiency
Method,-,Accept Poster,HitMem: Hierarchical Temporal 3D Memory with Multi-Modal Context-Aware Retrieval for Dynamic Environments,"Ruijie Tang, Chenye Zou, Guoquan Wu, Jun Wei, Wei Chen, Jiaxin Zhu",https://eccv.ecva.net/virtual/2026/poster/5322,,https://eccv.ecva.net/virtual/2026/poster/5322,5_MM_RAG_Retrieval_other
Method,-,Accept Poster,RAGrasp: A Retrieval-Augmented Framework with Diversity-Aware Modeling for Dexterous Grasp Generation,"Zhuo Yang, Sanping Zhou, Sen Wang, Jingyi Tian, lijiayi lijiayi, Gang Hua, Le Wang",https://eccv.ecva.net/virtual/2026/poster/3488,,https://eccv.ecva.net/virtual/2026/poster/3488,5_MM_RAG_Retrieval_other
Method,-,Accept Poster,ReMoMask: Retrieval-Augmented Masked Motion Generation,"Zhengdao Li, siheng wang, Zeyu Zhang, Hao Tang",https://eccv.ecva.net/virtual/2026/poster/3469,,https://eccv.ecva.net/virtual/2026/poster/3469,5_MM_RAG_Retrieval_other
Method,-,Accept Poster,PhysRAG: Enhancing Physics-Awareness in Video Generation via Retrieval-Augmented Generation,"Kexu Cheng, Zicheng Liu, Mingju Gao, Chunhe Song, Hao Tang",https://eccv.ecva.net/virtual/2026/poster/5129,,https://eccv.ecva.net/virtual/2026/poster/5129,5_MM_RAG_Retrieval_other
Method,-,Accept Poster,RAG-3DSG: Enhancing 3D Scene Graphs with Re-Shot Guided Retrieval-Augmented Generation,"Yue Chang, Rufeng Chen, Zhaofan ZHANG, Yi Chen, Yifan Tian, Sihong Xie",https://eccv.ecva.net/virtual/2026/poster/4850,,https://eccv.ecva.net/virtual/2026/poster/4850,5_MM_RAG_Retrieval_other
Method,-,Accept Poster,AutoV: Loss-Oriented Ranking for Visual Prompt Retrieval in LVLMs,"Yuan Zhang, Chun-Kai Fan, Sicheng Yu, Junwen Pan, Tao Huang, Ming Lu, Kuan Cheng, Qi She, Shanghang Zhang",https://eccv.ecva.net/virtual/2026/poster/3550,,https://eccv.ecva.net/virtual/2026/poster/3550,5_MM_RAG_Retrieval_other
Method,-,Accept Poster,OCTOPUS: Multi‑Agentic Universal Compositional Visual Retrieval,"Zhangtao Cheng, Bozhu Zheng, Ting Zhong, Fan Zhou",https://eccv.ecva.net/virtual/2026/poster/5802,,https://eccv.ecva.net/virtual/2026/poster/5802,5_MM_RAG_Retrieval_other
Method,-,Accept Poster,Adapting MLLMs for Nuanced Video Retrieval,"Piyush Nitin Bagad, Andrew Zisserman",https://eccv.ecva.net/virtual/2026/poster/4071,,https://eccv.ecva.net/virtual/2026/poster/4071,5_MM_RAG_Retrieval_other
Dataset,-,Accept Poster,Guiding the Blind: Generalizing GUI Agents to Unseen Websites via Multimodal Tutorials,"Xinwei Long, Kai Tian, Peng Xu, Weibo Gao, Yihua Shao, Guoli Jia, Haozhe Geng, Sa Yang, Jingxuan Li, Huayong Hu, Kaiyan Zhang, Jiaqi Wang, Bowen Zhou",https://eccv.ecva.net/virtual/2026/poster/4245,,https://eccv.ecva.net/virtual/2026/poster/4245,6_GUI_adjacent
Dataset,-,Accept Poster,MedSPOT: A Workflow-Aware Sequential Grounding Benchmark for Clinical GUI,"Rozain Shakeel, Abdul Ali, Muneeb Ganie, Tausifa Jan Saleem, Tajamul Ashraf",https://eccv.ecva.net/virtual/2026/poster/5938,,https://eccv.ecva.net/virtual/2026/poster/5938,6_GUI_adjacent
Dataset,-,Accept Poster,Coding with Eyes: Visual Feedback Unlocks Reliable GUI Code Generating and Debugging,"Zhilin Liu, Ye Huang, TingXie TingXie, Ruizhi Zhang, Wen Li, Lixin Duan",https://eccv.ecva.net/virtual/2026/poster/5263,,https://eccv.ecva.net/virtual/2026/poster/5263,6_GUI_adjacent
Dataset,-,Accept Poster,DualTAP: A Dual-Task Adversarial Protector for Mobile MLLM Agents,"Fuyao Zhang, Jiaming Zhang, CHE WANG, Xiongtao Sun, Yurong Hao, Guowei Guan, Wenjie Li, Longtao Huang, Wei Lim",https://eccv.ecva.net/virtual/2026/poster/4393,,https://eccv.ecva.net/virtual/2026/poster/4393,6_GUI_adjacent
Dataset,-,Accept Poster,Reward Modeling for Computer-Using Agent from Video Execution,"Linxin Song, Jieyu Zhang, Huanxin Sheng, Taiwei Shi, Rahul Gupta, Yang Liu, Ranjay Krishna, Jian Kang, Jieyu Zhao",https://eccv.ecva.net/virtual/2026/poster/5001,,https://eccv.ecva.net/virtual/2026/poster/5001,6_GUI_adjacent
Dataset,-,Accept Poster,WebRetriever: A Large-Scale Comprehensive Benchmark for Efficient Web Agent Evaluation,"Wei Dong, Tianyu Fu, Zhe Yu, Hanning Wang, Anyang Su, Zhizhou Fang, Yuyang Chen, Shuo Wang, Minghui Wu, Ping Jiang, Zhen Lei, Chenxu Zhao",https://eccv.ecva.net/virtual/2026/poster/5413,,https://eccv.ecva.net/virtual/2026/poster/5413,6_GUI_adjacent
Method,-,Accept Poster,GUI-AIMA: Aligning Intrinsic Multimodal Attention with a Context Anchor for GUI Grounding,"Shijie Zhou, Viet Lai, Hao Tan, Jihyung Kil, Wanrong Zhu, Changyou Chen, Ruiyi Zhang",https://eccv.ecva.net/virtual/2026/poster/5780,,https://eccv.ecva.net/virtual/2026/poster/5780,6_GUI_adjacent
Method,-,Accept Poster,AnchorGUI: Asymmetric Memory for Dual-Scale Learning in GUI Navigation,"Shengjie Jin, Zelong Sun, Hengbo Xu, Yanbiao Ma, Zhiwu Lu",https://eccv.ecva.net/virtual/2026/poster/4292,,https://eccv.ecva.net/virtual/2026/poster/4292,6_GUI_adjacent
Method,-,Accept Poster,Are GUI Agents Focused Enough? Automated Distraction via Semantic-level UI Element Injection,"Wenkui Yang, chao jin, Haisu Zhu, Weilin Luo, Derek Yuen, Kun Shao, Junxian Duan, Huaibo Huang, Jie Cao, Ran He",https://eccv.ecva.net/virtual/2026/poster/3983,,https://eccv.ecva.net/virtual/2026/poster/3983,6_GUI_adjacent
Method,-,Accept Poster,DeCoPatch: Revealing Causal Latent Subspaces in Vision-Language Models for GUI Grounding,"Yongkang Zhang, Linjia Kang, Zhimin Wang, Duo Wu, Zhi Wang",https://eccv.ecva.net/virtual/2026/poster/4189,,https://eccv.ecva.net/virtual/2026/poster/4189,6_GUI_adjacent
Method,-,Accept Poster,Learning from Reliable Negatives: Confidence-Anchored Test-Time Adaptation for GUI Grounding,"Yizhou Liu, Fei Tang, Yuchen Yan, Zhengxi Lu, Songqin Nong, Tao Jiang, Wenhao Xu, Wenqi Zhang, Weiming Lu, Jun Xiao, Yongliang Shen",https://eccv.ecva.net/virtual/2026/poster/4771,,https://eccv.ecva.net/virtual/2026/poster/4771,6_GUI_adjacent
Method,-,Accept Poster,GAIA: A Data Flywheel System for Training GUI Test-Time Scaling Critic Models,"Shaokang Wang, Pei Fu, Ruoceng Zhang, Shaojie Zhang, Xiuwen Xi, Jiahui Yang, Bin Qin, Ying Huang, Zhenbo Luo, Jian Luan",https://eccv.ecva.net/virtual/2026/poster/5058,,https://eccv.ecva.net/virtual/2026/poster/5058,6_GUI_adjacent
Method,-,Accept Poster,Self-Evolving MCP-GUI Agents via Automated Environment Generation and Experience Learning,"Tiantian He, Yihang Chen, Keyue Jiang, Ka Lee, Kaiwen Zhou, Kun Shao, Shuai Wang",https://eccv.ecva.net/virtual/2026/poster/5852,,https://eccv.ecva.net/virtual/2026/poster/5852,6_GUI_adjacent
Method,-,Accept Poster,VisCritic: Visual State Comparison as Process Reward for GUI Agents,Jiachen Qian,https://eccv.ecva.net/virtual/2026/poster/4958,,https://eccv.ecva.net/virtual/2026/poster/4958,6_GUI_adjacent
Method,-,Accept Poster,GUIDE: Resolving Domain Bias in GUI Agents through Real-Time Web Video Retrieval and Plug-and-Play Annotation,"Rui Xie, Zhi Gao, Chenrui Shi, Zirui Shang, Lu Chen, Qing Li",https://eccv.ecva.net/virtual/2026/poster/3244,,https://eccv.ecva.net/virtual/2026/poster/3244,6_GUI_adjacent
Method,-,Accept Poster,SlowBA: An efficiency backdoor attack towards VLM-based GUI agents,"Junxian Li, Tu Lan, Haozhen Tan, Yan Meng, Haojin Zhu",https://eccv.ecva.net/virtual/2026/poster/5078,,https://eccv.ecva.net/virtual/2026/poster/5078,6_GUI_adjacent
Method,-,Accept Poster,MolmoWeb: Open Visual Web Agent and Open Data for the Open Web,"Tanmay Gupta, Piper Wolters, Zixian Ma, Peter Sushko, Rock Yuren Pang, Yue Yang, Jason Ren, Harsh Trivedi, Taira Anderson, Winson Han, Ranjay Krishna",https://eccv.ecva.net/virtual/2026/poster/4684,,https://eccv.ecva.net/virtual/2026/poster/4684,6_GUI_adjacent
