Type,Title,Authors,Paper_Link,PDF_Link,arXiv_Link,Category
Dataset,OCR Hinders RAG: Evaluating the Cascading Impact of OCR on Retrieval-Augmented Generation,"Junyuan Zhang, Qintong Zhang, Bin Wang, Linke Ouyang, Zichen Wen, Ying Li, Ka-Ho Chow, Conghui He, Wentao Zhang",https://openaccess.thecvf.com/content/ICCV2025/html/Zhang_OCR_Hinders_RAG_Evaluating_the_Cascading_Impact_of_OCR_on_ICCV_2025_paper.html,https://openaccess.thecvf.com/content/ICCV2025/papers/Zhang_OCR_Hinders_RAG_Evaluating_the_Cascading_Impact_of_OCR_on_ICCV_2025_paper.pdf,http://arxiv.org/abs/2412.02592,1_Core_VDU_Doc_RAG
Dataset,DOGR: Towards Versatile Visual Document Grounding and Referring,"Yinan Zhou, Yuxin Chen, Haokun Lin, Yichen Wu, Shuyu Yang, Zhongang Qi, Chen Ma, Li Zhu",https://openaccess.thecvf.com/content/ICCV2025/html/Zhou_DOGR_Towards_Versatile_Visual_Document_Grounding_and_Referring_ICCV_2025_paper.html,https://openaccess.thecvf.com/content/ICCV2025/papers/Zhou_DOGR_Towards_Versatile_Visual_Document_Grounding_and_Referring_ICCV_2025_paper.pdf,http://arxiv.org/abs/2411.17125,1_Core_VDU_Doc_RAG
Dataset,A Token-level Text Image Foundation Model for Document Understanding,"Tongkun Guan, Zining Wang, Pei Fu, Zhengtao Guo, Wei Shen, Kai Zhou, Tiezhu Yue, Chen Duan, Hao Sun, Qianyi Jiang, Junfeng Luo, Xiaokang Yang",https://openaccess.thecvf.com/content/ICCV2025/html/Guan_A_Token-level_Text_Image_Foundation_Model_for_Document_Understanding_ICCV_2025_paper.html,https://openaccess.thecvf.com/content/ICCV2025/papers/Guan_A_Token-level_Text_Image_Foundation_Model_for_Document_Understanding_ICCV_2025_paper.pdf,http://arxiv.org/abs/2503.02304,1_Core_VDU_Doc_RAG
Dataset,CC-OCR: A Comprehensive and Challenging OCR Benchmark for Evaluating Large Multimodal Models in Literacy,"Zhibo Yang, Jun Tang, Zhaohai Li, Pengfei Wang, Jianqiang Wan, Humen Zhong, Xuejing Liu, Mingkun Yang, Peng Wang, Shuai Bai, Lianwen Jin, Junyang Lin",https://openaccess.thecvf.com/content/ICCV2025/html/Yang_CC-OCR_A_Comprehensive_and_Challenging_OCR_Benchmark_for_Evaluating_Large_ICCV_2025_paper.html,https://openaccess.thecvf.com/content/ICCV2025/papers/Yang_CC-OCR_A_Comprehensive_and_Challenging_OCR_Benchmark_for_Evaluating_Large_ICCV_2025_paper.pdf,,1_Core_VDU_Doc_RAG
Dataset,"FinMMR: Make Financial Numerical Reasoning More Multimodal, Comprehensive, and Challenging","Zichen Tang, Haihong E, Jiacheng Liu, Zhongjun Yang, Rongjin Li, Zihua Rong, Haoyang He, Zhuodi Hao, Xinyang Hu, Kun Ji, Ziyan Ma, Mengyuan Ji, Jun Zhang, Chenghao Ma, Qianhe Zheng, Yang Liu, Yiling Huang, Xinyi Hu, Qing Huang, Zijian Xie, Shiyao Peng",https://openaccess.thecvf.com/content/ICCV2025/html/Tang_FinMMR_Make_Financial_Numerical_Reasoning_More_Multimodal_Comprehensive_and_Challenging_ICCV_2025_paper.html,https://openaccess.thecvf.com/content/ICCV2025/papers/Tang_FinMMR_Make_Financial_Numerical_Reasoning_More_Multimodal_Comprehensive_and_Challenging_ICCV_2025_paper.pdf,http://arxiv.org/abs/2508.04625,1_Core_VDU_Doc_RAG
Method,DocThinker: Explainable Multimodal Large Language Models with Rule-based Reinforcement Learning for Document Understanding,"Wenwen Yu, Zhibo Yang, Yuliang Liu, Xiang Bai",https://openaccess.thecvf.com/content/ICCV2025/html/Yu_DocThinker_Explainable_Multimodal_Large_Language_Models_with_Rule-based_Reinforcement_Learning_ICCV_2025_paper.html,https://openaccess.thecvf.com/content/ICCV2025/papers/Yu_DocThinker_Explainable_Multimodal_Large_Language_Models_with_Rule-based_Reinforcement_Learning_ICCV_2025_paper.pdf,http://arxiv.org/abs/2508.08589,1_Core_VDU_Doc_RAG
Method,SmolDocling: An ultra-compact vision-language model for end-to-end multi-modal document conversion,"Ahmed Nassar, Matteo Omenetti, Maksym Lysak, Nikolaos Livathinos, Christoph Auer, Lucas Morin, Rafael Teixeira de Lima, Yusik Kim, A. Said Gurbuz, Michele Dolfi, Peter W. J. Staar",https://openaccess.thecvf.com/content/ICCV2025/html/Nassar_SmolDocling_An_ultra-compact_vision-language_model_for_end-to-end_multi-modal_document_conversion_ICCV_2025_paper.html,https://openaccess.thecvf.com/content/ICCV2025/papers/Nassar_SmolDocling_An_ultra-compact_vision-language_model_for_end-to-end_multi-modal_document_conversion_ICCV_2025_paper.pdf,http://arxiv.org/abs/2503.11576,1_Core_VDU_Doc_RAG
Method,ForCenNet: Foreground-Centric Network for Document Image Rectification,"Peng Cai, Qiang Li, Kaicheng Yang, Dong Guo, Jia Li, Nan Zhou, Xiang An, Ninghua Yang, Jiankang Deng",https://openaccess.thecvf.com/content/ICCV2025/html/Cai_ForCenNet_Foreground-Centric_Network_for_Document_Image_Rectification_ICCV_2025_paper.html,https://openaccess.thecvf.com/content/ICCV2025/papers/Cai_ForCenNet_Foreground-Centric_Network_for_Document_Image_Rectification_ICCV_2025_paper.pdf,http://arxiv.org/abs/2507.19804,1_Core_VDU_Doc_RAG
Method,ADCD-Net: Robust Document Image Forgery Localization via Adaptive DCT Feature and Hierarchical Content Disentanglement,"Kahim Wong, Jicheng Zhou, Haiwei Wu, Yain-Whar Si, Jiantao Zhou",https://openaccess.thecvf.com/content/ICCV2025/html/Wong_ADCD-Net_Robust_Document_Image_Forgery_Localization_via_Adaptive_DCT_Feature_ICCV_2025_paper.html,https://openaccess.thecvf.com/content/ICCV2025/papers/Wong_ADCD-Net_Robust_Document_Image_Forgery_Localization_via_Adaptive_DCT_Feature_ICCV_2025_paper.pdf,,1_Core_VDU_Doc_RAG
Dataset,ChartCap: Mitigating Hallucination of Dense Chart Captioning,"Junyoung Lim, Jaewoo Ahn, Gunhee Kim",https://openaccess.thecvf.com/content/ICCV2025/html/Lim_ChartCap_Mitigating_Hallucination_of_Dense_Chart_Captioning_ICCV_2025_paper.html,https://openaccess.thecvf.com/content/ICCV2025/papers/Lim_ChartCap_Mitigating_Hallucination_of_Dense_Chart_Captioning_ICCV_2025_paper.pdf,http://arxiv.org/abs/2508.03164,2_Chart_Slide_Diagram
Dataset,Towards Comprehensive Lecture Slides Understanding: Large-scale Dataset and Effective Method,"Enming Zhang, Yuzhe Li, Yuliang Liu, Yingying Zhu, Xiang Bai",https://openaccess.thecvf.com/content/ICCV2025/html/Zhang_Towards_Comprehensive_Lecture_Slides_Understanding_Large-scale_Dataset_and_Effective_Method_ICCV_2025_paper.html,https://openaccess.thecvf.com/content/ICCV2025/papers/Zhang_Towards_Comprehensive_Lecture_Slides_Understanding_Large-scale_Dataset_and_Effective_Method_ICCV_2025_paper.pdf,,2_Chart_Slide_Diagram
Dataset,MolParser: End-to-end Visual Recognition of Molecule Structures in the Wild,"Xi Fang, Jiankun Wang, Xiaochen Cai, Shangqian Chen, Shuwen Yang, Haoyi Tao, Nan Wang, Lin Yao, Linfeng Zhang, Guolin Ke",https://openaccess.thecvf.com/content/ICCV2025/html/Fang_MolParser_End-to-end_Visual_Recognition_of_Molecule_Structures_in_the_Wild_ICCV_2025_paper.html,https://openaccess.thecvf.com/content/ICCV2025/papers/Fang_MolParser_End-to-end_Visual_Recognition_of_Molecule_Structures_in_the_Wild_ICCV_2025_paper.pdf,http://arxiv.org/abs/2411.11098,2_Chart_Slide_Diagram
Method,ChartPoint: Guiding MLLMs with Grounding Reflection for Chart Reasoning,"Zhengzhuo Xu, SiNan Du, Yiyan Qi, Siwen Lu, Chengjin Xu, Chun Yuan, Jian Guo",https://openaccess.thecvf.com/content/ICCV2025/html/Xu_ChartPoint_Guiding_MLLMs_with_Grounding_Reflection_for_Chart_Reasoning_ICCV_2025_paper.html,https://openaccess.thecvf.com/content/ICCV2025/papers/Xu_ChartPoint_Guiding_MLLMs_with_Grounding_Reflection_for_Chart_Reasoning_ICCV_2025_paper.pdf,,2_Chart_Slide_Diagram
Method,Effective Training Data Synthesis for Improving MLLM Chart Understanding,"Yuwei Yang, Zeyu Zhang, Yunzhong Hou, Zhuowan Li, Gaowen Liu, Ali Payani, Yuan-Sen Ting, Liang Zheng",https://openaccess.thecvf.com/content/ICCV2025/html/Yang_Effective_Training_Data_Synthesis_for_Improving_MLLM_Chart_Understanding_ICCV_2025_paper.html,https://openaccess.thecvf.com/content/ICCV2025/papers/Yang_Effective_Training_Data_Synthesis_for_Improving_MLLM_Chart_Understanding_ICCV_2025_paper.pdf,http://arxiv.org/abs/2508.06492,2_Chart_Slide_Diagram
Method,Pi-GPS: Enhancing Geometry Problem Solving by Unleashing the Power of Diagrammatic Information,"Junbo Zhao, Ting Zhang, Jiayu Sun, Mi Tian, Hua Huang",https://openaccess.thecvf.com/content/ICCV2025/html/Zhao_Pi-GPS_Enhancing_Geometry_Problem_Solving_by_Unleashing_the_Power_of_ICCV_2025_paper.html,https://openaccess.thecvf.com/content/ICCV2025/papers/Zhao_Pi-GPS_Enhancing_Geometry_Problem_Solving_by_Unleashing_the_Power_of_ICCV_2025_paper.pdf,,2_Chart_Slide_Diagram
Method,VisionMath: Vision-Form Mathematical Problem-Solving,"Zongyang Ma, Yuxin Chen, Ziqi Zhang, Zhongang Qi, Chunfeng Yuan, Shaojie Zhu, Chengxiang Zhuo, Bing Li, Ye Liu, Zang Li, Ying Shan, Weiming Hu",https://openaccess.thecvf.com/content/ICCV2025/html/Ma_VisionMath_Vision-Form_Mathematical_Problem-Solving_ICCV_2025_paper.html,https://openaccess.thecvf.com/content/ICCV2025/papers/Ma_VisionMath_Vision-Form_Mathematical_Problem-Solving_ICCV_2025_paper.pdf,,2_Chart_Slide_Diagram
Method,From Panels to Prose: Generating Literary Narratives from Comics,"Ragav Sachdeva, Andrew Zisserman",https://openaccess.thecvf.com/content/ICCV2025/html/Sachdeva_From_Panels_to_Prose_Generating_Literary_Narratives_from_Comics_ICCV_2025_paper.html,https://openaccess.thecvf.com/content/ICCV2025/papers/Sachdeva_From_Panels_to_Prose_Generating_Literary_Narratives_from_Comics_ICCV_2025_paper.pdf,http://arxiv.org/abs/2503.23344,2_Chart_Slide_Diagram
Dataset,TextSSR: Diffusion-based Data Synthesis for Scene Text Recognition,"Xingsong Ye, Yongkun Du, Yunbo Tao, Zhineng Chen",https://openaccess.thecvf.com/content/ICCV2025/html/Ye_TextSSR_Diffusion-based_Data_Synthesis_for_Scene_Text_Recognition_ICCV_2025_paper.html,https://openaccess.thecvf.com/content/ICCV2025/papers/Ye_TextSSR_Diffusion-based_Data_Synthesis_for_Scene_Text_Recognition_ICCV_2025_paper.pdf,http://arxiv.org/abs/2412.01137,3_OCR_SceneText_Handwriting
Dataset,MEH: A Multi-Style Dataset and Toolkit for Advancing Egyptian Hieroglyph Recognition,"Maksim Golyadkin, Valeria Rubanova, Aleksandr Utkov, Dmitry Nikolotov, Ilya Makarov",https://openaccess.thecvf.com/content/ICCV2025/html/Golyadkin_MEH_A_Multi-Style_Dataset_and_Toolkit_for_Advancing_Egyptian_Hieroglyph_ICCV_2025_paper.html,https://openaccess.thecvf.com/content/ICCV2025/papers/Golyadkin_MEH_A_Multi-Style_Dataset_and_Toolkit_for_Advancing_Egyptian_Hieroglyph_ICCV_2025_paper.pdf,,3_OCR_SceneText_Handwriting
Dataset,CalliReader: Contextualizing Chinese Calligraphy via an Embedding-Aligned Vision-Language Model,"Yuxuan Luo, Jiaqi Tang, Chenyi Huang, Feiyang Hao, Zhouhui Lian",https://openaccess.thecvf.com/content/ICCV2025/html/Luo_CalliReader_Contextualizing_Chinese_Calligraphy_via_an_Embedding-Aligned_Vision-Language_Model_ICCV_2025_paper.html,https://openaccess.thecvf.com/content/ICCV2025/papers/Luo_CalliReader_Contextualizing_Chinese_Calligraphy_via_an_Embedding-Aligned_Vision-Language_Model_ICCV_2025_paper.pdf,http://arxiv.org/abs/2503.06472,3_OCR_SceneText_Handwriting
Method,StyleSRN: Scene Text Image Super-Resolution with Text Style Embedding,"Shengrong Yuan, Runmin Wang, Ke Hao, Xuqi Ma, Changxin Gao, Li Liu, Nong Sang",https://openaccess.thecvf.com/content/ICCV2025/html/Yuan_StyleSRN_Scene_Text_Image_Super-Resolution_with_Text_Style_Embedding_ICCV_2025_paper.html,https://openaccess.thecvf.com/content/ICCV2025/papers/Yuan_StyleSRN_Scene_Text_Image_Super-Resolution_with_Text_Style_Embedding_ICCV_2025_paper.pdf,,3_OCR_SceneText_Handwriting
Method,Multi-scenario Overlapping Text Segmentation with Depth Awareness,"Yang Liu, Xudong Xie, Yuliang Liu, Xiang Bai",https://openaccess.thecvf.com/content/ICCV2025/html/Liu_Multi-scenario_Overlapping_Text_Segmentation_with_Depth_Awareness_ICCV_2025_paper.html,https://openaccess.thecvf.com/content/ICCV2025/papers/Liu_Multi-scenario_Overlapping_Text_Segmentation_with_Depth_Awareness_ICCV_2025_paper.pdf,,3_OCR_SceneText_Handwriting
Method,Beyond Isolated Words: Diffusion Brush for Handwritten Text-Line Generation,"Gang Dai, Yifan Zhang, Yutao Qin, Qiangya Guo, Shuangping Huang, Shuicheng Yan",https://openaccess.thecvf.com/content/ICCV2025/html/Dai_Beyond_Isolated_Words_Diffusion_Brush_for_Handwritten_Text-Line_Generation_ICCV_2025_paper.html,https://openaccess.thecvf.com/content/ICCV2025/papers/Dai_Beyond_Isolated_Words_Diffusion_Brush_for_Handwritten_Text-Line_Generation_ICCV_2025_paper.pdf,http://arxiv.org/abs/2508.03256,3_OCR_SceneText_Handwriting
Method,SVTRv2: CTC Beats Encoder-Decoder Models in Scene Text Recognition,"Yongkun Du, Zhineng Chen, Hongtao Xie, Caiyan Jia, Yu-Gang Jiang",https://openaccess.thecvf.com/content/ICCV2025/html/Du_SVTRv2_CTC_Beats_Encoder-Decoder_Models_in_Scene_Text_Recognition_ICCV_2025_paper.html,https://openaccess.thecvf.com/content/ICCV2025/papers/Du_SVTRv2_CTC_Beats_Encoder-Decoder_Models_in_Scene_Text_Recognition_ICCV_2025_paper.pdf,http://arxiv.org/abs/2411.15858,3_OCR_SceneText_Handwriting
Method,MSA2: Multi-task Framework with Structure-aware and Style-adaptive Character Representation for Open-set Chinese Text Recognition,"Yangfu Li, Hongjian Zhan, Qi Liu, Li Sun, Yu-Jie Xiong, Yue Lu",https://openaccess.thecvf.com/content/ICCV2025/html/Li_MSA2_Multi-task_Framework_with_Structure-aware_and_Style-adaptive_Character_Representation_for_ICCV_2025_paper.html,https://openaccess.thecvf.com/content/ICCV2025/papers/Li_MSA2_Multi-task_Framework_with_Structure-aware_and_Style-adaptive_Character_Representation_for_ICCV_2025_paper.pdf,,3_OCR_SceneText_Handwriting
Dataset,MA-CIR: A Multimodal Arithmetic Benchmark for Composed Image Retrieval,"Jaeseok Byun, Young Kyun Jang, Seokhyeon Jeong, Donghyun Kim, Taesup Moon",https://openaccess.thecvf.com/content/ICCV2025/html/Byun_MA-CIR_A_Multimodal_Arithmetic_Benchmark_for_Composed_Image_Retrieval_ICCV_2025_paper.html,https://openaccess.thecvf.com/content/ICCV2025/papers/Byun_MA-CIR_A_Multimodal_Arithmetic_Benchmark_for_Composed_Image_Retrieval_ICCV_2025_paper.pdf,,4_MM_RAG_Retrieval
Method,MissRAG: Addressing the Missing Modality Challenge in Multimodal Large Language Models,"Vittorio Pipoli, Alessia Saporita, Federico Bolelli, Marcella Cornia, Lorenzo Baraldi, Costantino Grana, Rita Cucchiara, Elisa Ficarra",https://openaccess.thecvf.com/content/ICCV2025/html/Pipoli_MissRAG_Addressing_the_Missing_Modality_Challenge_in_Multimodal_Large_Language_ICCV_2025_paper.html,https://openaccess.thecvf.com/content/ICCV2025/papers/Pipoli_MissRAG_Addressing_the_Missing_Modality_Challenge_in_Multimodal_Large_Language_ICCV_2025_paper.pdf,,4_MM_RAG_Retrieval
Method,Taming the Untamed: Graph-Based Knowledge Retrieval and Reasoning for MLLMs to Conquer the Unknown,"Bowen Wang, Zhouqiang Jiang, Yasuaki Susumu, Shotaro Miwa, Tianwei Chen, Yuta Nakashima",https://openaccess.thecvf.com/content/ICCV2025/html/Wang_Taming_the_Untamed_Graph-Based_Knowledge_Retrieval_and_Reasoning_for_MLLMs_ICCV_2025_paper.html,https://openaccess.thecvf.com/content/ICCV2025/papers/Wang_Taming_the_Untamed_Graph-Based_Knowledge_Retrieval_and_Reasoning_for_MLLMs_ICCV_2025_paper.pdf,http://arxiv.org/abs/2506.17589,4_MM_RAG_Retrieval
Method,Test-Time Retrieval-Augmented Adaptation for Vision-Language Models,"Xinqi Fan, Xueli Chen, Luoxiao Yang, Chuin Hong Yap, Rizwan Qureshi, Qi Dou, Moi Hoon Yap, Mubarak Shah",https://openaccess.thecvf.com/content/ICCV2025/html/Fan_Test-Time_Retrieval-Augmented_Adaptation_for_Vision-Language_Models_ICCV_2025_paper.html,https://openaccess.thecvf.com/content/ICCV2025/papers/Fan_Test-Time_Retrieval-Augmented_Adaptation_for_Vision-Language_Models_ICCV_2025_paper.pdf,,4_MM_RAG_Retrieval
Method,Reference-based Super-Resolution via Image-based Retrieval-Augmented Generation Diffusion,"Byeonghun Lee, Hyunmin Cho, Hong Gyu Choi, Soo Min Kang, Iljun Ahn, Kyong Hwan Jin",https://openaccess.thecvf.com/content/ICCV2025/html/Lee_Reference-based_Super-Resolution_via_Image-based_Retrieval-Augmented_Generation_Diffusion_ICCV_2025_paper.html,https://openaccess.thecvf.com/content/ICCV2025/papers/Lee_Reference-based_Super-Resolution_via_Image-based_Retrieval-Augmented_Generation_Diffusion_ICCV_2025_paper.pdf,,4_MM_RAG_Retrieval
Method,Learnable Retrieval Enhanced Visual-Text Alignment and Fusion for Radiology Report Generation,"Qin Zhou, Guoyan Liang, Xindi Li, Jingyuan Chen, Zhe Wang, Chang Yao, Sai Wu",https://openaccess.thecvf.com/content/ICCV2025/html/Zhou_Learnable_Retrieval_Enhanced_Visual-Text_Alignment_and_Fusion_for_Radiology_Report_ICCV_2025_paper.html,https://openaccess.thecvf.com/content/ICCV2025/papers/Zhou_Learnable_Retrieval_Enhanced_Visual-Text_Alignment_and_Fusion_for_Radiology_Report_ICCV_2025_paper.pdf,http://arxiv.org/abs/2507.07568,4_MM_RAG_Retrieval
Method,CARIM: Caption-Based Autonomous Driving Scene Retrieval via Inclusive Text Matching,"Minjoo Ki, Daejung Kim, Kisung Kim, Seon Joo Kim, Jinhan Lee",https://openaccess.thecvf.com/content/ICCV2025/html/Ki_CARIM_Caption-Based_Autonomous_Driving_Scene_Retrieval_via_Inclusive_Text_Matching_ICCV_2025_paper.html,https://openaccess.thecvf.com/content/ICCV2025/papers/Ki_CARIM_Caption-Based_Autonomous_Driving_Scene_Retrieval_via_Inclusive_Text_Matching_ICCV_2025_paper.pdf,,4_MM_RAG_Retrieval
Dataset,Keyframe-oriented Vision Token Pruning: Enhancing Efficiency of Large Vision Language Models on Long-Form Video Processing,"Yudong Liu, Jingwei Sun, Yueqian Lin, Jianyi Zhang, Jingyang Zhang, Ming Yin, Qinsi Wang, Hai Li, Yiran Chen",https://openaccess.thecvf.com/content/ICCV2025/html/Liu_Keyframe-oriented_Vision_Token_Pruning_Enhancing_Efficiency_of_Large_Vision_Language_ICCV_2025_paper.html,https://openaccess.thecvf.com/content/ICCV2025/papers/Liu_Keyframe-oriented_Vision_Token_Pruning_Enhancing_Efficiency_of_Large_Vision_Language_ICCV_2025_paper.pdf,http://arxiv.org/abs/2503.10742,5_VisualToken_HighRes
Dataset,Dynamic-VLM: Simple Dynamic Visual Token Compression for VideoLLM,"Han  Wang, Yuxiang Nie, Yongjie Ye, Yanjie Wang, Shuai Li, Haiyang Yu, Jinghui Lu, Can Huang",https://openaccess.thecvf.com/content/ICCV2025/html/Wang_Dynamic-VLM_Simple_Dynamic_Visual_Token_Compression_for_VideoLLM_ICCV_2025_paper.html,https://openaccess.thecvf.com/content/ICCV2025/papers/Wang_Dynamic-VLM_Simple_Dynamic_Visual_Token_Compression_for_VideoLLM_ICCV_2025_paper.pdf,,5_VisualToken_HighRes
Dataset,When Large Vision-Language Model Meets Large Remote Sensing Imagery: Coarse-to-Fine Text-Guided Token Pruning,"Junwei Luo, Yingying Zhang, Xue Yang, Kang Wu, Qi Zhu, Lei Liang, Jingdong Chen, Yansheng Li",https://openaccess.thecvf.com/content/ICCV2025/html/Luo_When_Large_Vision-Language_Model_Meets_Large_Remote_Sensing_Imagery_Coarse-to-Fine_ICCV_2025_paper.html,https://openaccess.thecvf.com/content/ICCV2025/papers/Luo_When_Large_Vision-Language_Model_Meets_Large_Remote_Sensing_Imagery_Coarse-to-Fine_ICCV_2025_paper.pdf,http://arxiv.org/abs/2503.07588,5_VisualToken_HighRes
Dataset,HRScene: How Far Are VLMs from Effective High-Resolution Image Understanding?,"Yusen Zhang, Wenliang Zheng, Aashrith Madasu, Peng Shi, Ryo Kamoi, Hao Zhou, Zhuoyang Zou, Shu Zhao, Sarkar Snigdha Sarathi Das, Vipul Gupta, Xiaoxin Lu, Nan Zhang, Ranran Haoran Zhang, Avitej Iyer, Renze Lou, Wenpeng Yin, Rui Zhang",https://openaccess.thecvf.com/content/ICCV2025/html/Zhang_HRScene_How_Far_Are_VLMs_from_Effective_High-Resolution_Image_Understanding_ICCV_2025_paper.html,https://openaccess.thecvf.com/content/ICCV2025/papers/Zhang_HRScene_How_Far_Are_VLMs_from_Effective_High-Resolution_Image_Understanding_ICCV_2025_paper.pdf,http://arxiv.org/abs/2504.18406,5_VisualToken_HighRes
Method,METEOR: Multi-Encoder Collaborative Token Pruning for Efficient Vision Language Models,"Yuchen Liu, Yaoming Wang, Bowen Shi, Xiaopeng Zhang, Wenrui Dai, Chenglin Li, Hongkai Xiong, Qi Tian",https://openaccess.thecvf.com/content/ICCV2025/html/Liu_METEOR_Multi-Encoder_Collaborative_Token_Pruning_for_Efficient_Vision_Language_Models_ICCV_2025_paper.html,https://openaccess.thecvf.com/content/ICCV2025/papers/Liu_METEOR_Multi-Encoder_Collaborative_Token_Pruning_for_Efficient_Vision_Language_Models_ICCV_2025_paper.pdf,http://arxiv.org/abs/2507.20842,5_VisualToken_HighRes
Method,Representation Shift: Unifying Token Compression with FlashAttention,"Joonmyung Choi, Sanghyeok Lee, Byungoh Ko, Eunseo Kim, Jihyung Kil, Hyunwoo J. Kim",https://openaccess.thecvf.com/content/ICCV2025/html/Choi_Representation_Shift_Unifying_Token_Compression_with_FlashAttention_ICCV_2025_paper.html,https://openaccess.thecvf.com/content/ICCV2025/papers/Choi_Representation_Shift_Unifying_Token_Compression_with_FlashAttention_ICCV_2025_paper.pdf,http://arxiv.org/abs/2508.00367,5_VisualToken_HighRes
Method,Feather the Throttle: Revisiting Visual Token Pruning for Vision-Language Model Acceleration,"Mark Endo, Xiaohan Wang, Serena Yeung-Levy",https://openaccess.thecvf.com/content/ICCV2025/html/Endo_Feather_the_Throttle_Revisiting_Visual_Token_Pruning_for_Vision-Language_Model_ICCV_2025_paper.html,https://openaccess.thecvf.com/content/ICCV2025/papers/Endo_Feather_the_Throttle_Revisiting_Visual_Token_Pruning_for_Vision-Language_Model_ICCV_2025_paper.pdf,http://arxiv.org/abs/2412.13180,5_VisualToken_HighRes
Method,LLaVA-PruMerge: Adaptive Token Reduction for Efficient Large Multimodal Models,"Yuzhang Shang, Mu Cai, Bingxin Xu, Yong Jae Lee, Yan Yan",https://openaccess.thecvf.com/content/ICCV2025/html/Shang_LLaVA-PruMerge_Adaptive_Token_Reduction_for_Efficient_Large_Multimodal_Models_ICCV_2025_paper.html,https://openaccess.thecvf.com/content/ICCV2025/papers/Shang_LLaVA-PruMerge_Adaptive_Token_Reduction_for_Efficient_Large_Multimodal_Models_ICCV_2025_paper.pdf,,5_VisualToken_HighRes
Method,FrameFusion: Combining Similarity and Importance for Video Token Reduction on Large Vision Language Models,"Tianyu Fu, Tengxuan Liu, Qinghao Han, Guohao Dai, Shengen Yan, Huazhong Yang, Xuefei Ning, Yu Wang",https://openaccess.thecvf.com/content/ICCV2025/html/Fu_FrameFusion_Combining_Similarity_and_Importance_for_Video_Token_Reduction_on_ICCV_2025_paper.html,https://openaccess.thecvf.com/content/ICCV2025/papers/Fu_FrameFusion_Combining_Similarity_and_Importance_for_Video_Token_Reduction_on_ICCV_2025_paper.pdf,http://arxiv.org/abs/2501.01986,5_VisualToken_HighRes
Method,Semantic Equitable Clustering: A Simple and Effective Strategy for Clustering Vision Tokens,"Qihang Fan, Huaibo Huang, Mingrui Chen, Ran He",https://openaccess.thecvf.com/content/ICCV2025/html/Fan_Semantic_Equitable_Clustering_A_Simple_and_Effective_Strategy_for_Clustering_ICCV_2025_paper.html,https://openaccess.thecvf.com/content/ICCV2025/papers/Fan_Semantic_Equitable_Clustering_A_Simple_and_Effective_Strategy_for_Clustering_ICCV_2025_paper.pdf,http://arxiv.org/abs/2405.13337,5_VisualToken_HighRes
Method,VFlowOpt: A Token Pruning Framework for LMMs with Visual Information Flow-Guided Optimization,"Sihan Yang, Runsen Xu, Chenhang Cui, Tai Wang, Dahua Lin, Jiangmiao Pang",https://openaccess.thecvf.com/content/ICCV2025/html/Yang_VFlowOpt_A_Token_Pruning_Framework_for_LMMs_with_Visual_Information_ICCV_2025_paper.html,https://openaccess.thecvf.com/content/ICCV2025/papers/Yang_VFlowOpt_A_Token_Pruning_Framework_for_LMMs_with_Visual_Information_ICCV_2025_paper.pdf,http://arxiv.org/abs/2508.05211,5_VisualToken_HighRes
Method,Beyond Text-Visual Attention: Exploiting Visual Cues for Effective Token Pruning in VLMs,"Qizhe Zhang, Aosong Cheng, Ming Lu, Renrui Zhang, Zhiyong Zhuo, Jiajun Cao, Shaobo Guo, Qi She, Shanghang Zhang",https://openaccess.thecvf.com/content/ICCV2025/html/Zhang_Beyond_Text-Visual_Attention_Exploiting_Visual_Cues_for_Effective_Token_Pruning_ICCV_2025_paper.html,https://openaccess.thecvf.com/content/ICCV2025/papers/Zhang_Beyond_Text-Visual_Attention_Exploiting_Visual_Cues_for_Effective_Token_Pruning_ICCV_2025_paper.pdf,http://arxiv.org/abs/2412.01818,5_VisualToken_HighRes
Method,FALCON: Resolving Visual Redundancy and Fragmentation in High-resolution Multimodal Large Language Models via Visual Registers,"Renshan Zhang, Rui Shao, Gongwei Chen, Miao Zhang, Kaiwen Zhou, Weili Guan, Liqiang Nie",https://openaccess.thecvf.com/content/ICCV2025/html/Zhang_FALCON_Resolving_Visual_Redundancy_and_Fragmentation_in_High-resolution_Multimodal_Large_ICCV_2025_paper.html,https://openaccess.thecvf.com/content/ICCV2025/papers/Zhang_FALCON_Resolving_Visual_Redundancy_and_Fragmentation_in_High-resolution_Multimodal_Large_ICCV_2025_paper.pdf,http://arxiv.org/abs/2501.16297,5_VisualToken_HighRes
Method,Griffon v2: Advancing Multimodal Perception with High-Resolution Scaling and Visual-Language Co-Referring,"Yufei Zhan, Shurong Zheng, Yousong Zhu, Hongyin Zhao, Fan Yang, Ming Tang, Jinqiao Wang",https://openaccess.thecvf.com/content/ICCV2025/html/Zhan_Griffon_v2_Advancing_Multimodal_Perception_with_High-Resolution_Scaling_and_Visual-Language_ICCV_2025_paper.html,https://openaccess.thecvf.com/content/ICCV2025/papers/Zhan_Griffon_v2_Advancing_Multimodal_Perception_with_High-Resolution_Scaling_and_Visual-Language_ICCV_2025_paper.pdf,http://arxiv.org/abs/2403.09333,5_VisualToken_HighRes
Method,V2PE: Improving Multimodal Long-Context Capability of Vision-Language Models with Variable Visual Position Encoding,"Junqi Ge, Ziyi Chen, Jintao Lin, Jinguo Zhu, Xihui Liu, Jifeng Dai, Xizhou Zhu",https://openaccess.thecvf.com/content/ICCV2025/html/Ge_V2PE_Improving_Multimodal_Long-Context_Capability_of_Vision-Language_Models_with_Variable_ICCV_2025_paper.html,https://openaccess.thecvf.com/content/ICCV2025/papers/Ge_V2PE_Improving_Multimodal_Long-Context_Capability_of_Vision-Language_Models_with_Variable_ICCV_2025_paper.pdf,http://arxiv.org/abs/2412.09616,5_VisualToken_HighRes
Dataset,GUIOdyssey: A Comprehensive Dataset for Cross-App GUI Navigation on Mobile Devices,"Quanfeng Lu, Wenqi Shao, Zitao Liu, Lingxiao Du, Fanqing Meng, Boxuan Li, Botong Chen, Siyuan Huang, Kaipeng Zhang, Ping Luo",https://openaccess.thecvf.com/content/ICCV2025/html/Lu_GUIOdyssey_A_Comprehensive_Dataset_for_Cross-App_GUI_Navigation_on_Mobile_ICCV_2025_paper.html,https://openaccess.thecvf.com/content/ICCV2025/papers/Lu_GUIOdyssey_A_Comprehensive_Dataset_for_Cross-App_GUI_Navigation_on_Mobile_ICCV_2025_paper.pdf,http://arxiv.org/abs/2406.08451,6_GUI_adjacent
Dataset,UIPro: Unleashing Superior Interaction Capability For GUI Agents,"Hongxin Li, Jingran Su, Jingfan Chen, Zheng Ju, Yuntao Chen, Qing Li, Zhaoxiang Zhang",https://openaccess.thecvf.com/content/ICCV2025/html/Li_UIPro_Unleashing_Superior_Interaction_Capability_For_GUI_Agents_ICCV_2025_paper.html,https://openaccess.thecvf.com/content/ICCV2025/papers/Li_UIPro_Unleashing_Superior_Interaction_Capability_For_GUI_Agents_ICCV_2025_paper.pdf,http://arxiv.org/abs/2509.17328,6_GUI_adjacent
Method,Less is More: Empowering GUI Agent with Context-Aware Simplification,"Gongwei Chen, Xurui Zhou, Rui Shao, Yibo Lyu, Kaiwen Zhou, Shuai Wang, Wentao Li, Yinchuan Li, Zhongang Qi, Liqiang Nie",https://openaccess.thecvf.com/content/ICCV2025/html/Chen_Less_is_More_Empowering_GUI_Agent_with_Context-Aware_Simplification_ICCV_2025_paper.html,https://openaccess.thecvf.com/content/ICCV2025/papers/Chen_Less_is_More_Empowering_GUI_Agent_with_Context-Aware_Simplification_ICCV_2025_paper.pdf,http://arxiv.org/abs/2507.03730,6_GUI_adjacent
Method,Iris: Breaking GUI Complexity with Adaptive Focus and Self-Refining,"Zhiqi Ge, Juncheng Li, Xinglei Pang, Minghe Gao, Kaihang Pan, Wang Lin, Hao Fei, Wenqiao Zhang, Siliang Tang, Yueting Zhuang",https://openaccess.thecvf.com/content/ICCV2025/html/Ge_Iris_Breaking_GUI_Complexity_with_Adaptive_Focus_and_Self-Refining_ICCV_2025_paper.html,https://openaccess.thecvf.com/content/ICCV2025/papers/Ge_Iris_Breaking_GUI_Complexity_with_Adaptive_Focus_and_Self-Refining_ICCV_2025_paper.pdf,http://arxiv.org/abs/2412.10342,6_GUI_adjacent
Method,Visual Test-time Scaling for GUI Agent Grounding,"Tiange Luo, Lajanugen Logeswaran, Justin Johnson, Honglak Lee",https://openaccess.thecvf.com/content/ICCV2025/html/Luo_Visual_Test-time_Scaling_for_GUI_Agent_Grounding_ICCV_2025_paper.html,https://openaccess.thecvf.com/content/ICCV2025/papers/Luo_Visual_Test-time_Scaling_for_GUI_Agent_Grounding_ICCV_2025_paper.pdf,http://arxiv.org/abs/2505.00684,6_GUI_adjacent
