Type,Workshop,Title,Authors,Paper_Link,PDF_Link,Category
Dataset,CV4DC,"Nayana: A Foundation for Document-Centric Vision-Language Models via Multi-Task, Multimodal, and Multilingual Data Synthesis","Adithya S Kolavi, Samarth P, Vyoman Jain",https://openaccess.thecvf.com/content/ICCV2025W/CV4DC/html/Kolavi_Nayana_A_Foundation_for_Document-Centric_Vision-Language_Models_via_Multi-Task_Multimodal_ICCVW_2025_paper.html,https://openaccess.thecvf.com/content/ICCV2025W/CV4DC/papers/Kolavi_Nayana_A_Foundation_for_Document-Centric_Vision-Language_Models_via_Multi-Task_Multimodal_ICCVW_2025_paper.pdf,1_Core_VDU (VisionDocs+)
Dataset,Findings,M3DocVQA: Multi-modal Multi-page Multi-document Understanding,"Jaemin Cho, Debanjan Mahata, Ozan Irsoy, Yujie He, Mohit Bansal",https://openaccess.thecvf.com/content/ICCV2025W/Findings/html/Cho_M3DocVQA_Multi-modal_Multi-page_Multi-document_Understanding_ICCVW_2025_paper.html,https://openaccess.thecvf.com/content/ICCV2025W/Findings/papers/Cho_M3DocVQA_Multi-modal_Multi-page_Multi-document_Understanding_ICCVW_2025_paper.pdf,1_Core_VDU (VisionDocs+)
Dataset,VisionDocs,ZOD : Zero-shot and Out-of-Distribution Detection Dataset for Document Images,"Talha Uddin Sheikh, Sankalp Sinha, Shino Sam, Didier Stricker, Muhammad Zeshan Afzal",https://openaccess.thecvf.com/content/ICCV2025W/VisionDocs/html/Sheikh_ZOD__Zero-shot_and_Out-of-Distribution_Detection_Dataset_for_Document_Images_ICCVW_2025_paper.html,https://openaccess.thecvf.com/content/ICCV2025W/VisionDocs/papers/Sheikh_ZOD__Zero-shot_and_Out-of-Distribution_Detection_Dataset_for_Document_Images_ICCVW_2025_paper.pdf,1_Core_VDU (VisionDocs+)
Dataset,VisionDocs,CTC Transcription Alignment of the Bullinger Letters: Automatic Improvement of Annotation Quality,"Marco Peer, Anna Scius-Bertrand, Andreas Fischer",https://openaccess.thecvf.com/content/ICCV2025W/VisionDocs/html/Peer_CTC_Transcription_Alignment_of_the_Bullinger_Letters_Automatic_Improvement_of_ICCVW_2025_paper.html,https://openaccess.thecvf.com/content/ICCV2025W/VisionDocs/papers/Peer_CTC_Transcription_Alignment_of_the_Bullinger_Letters_Automatic_Improvement_of_ICCVW_2025_paper.pdf,1_Core_VDU (VisionDocs+)
Dataset,VisionDocs,CoSMo: A Multimodal Transformer for Page Stream Segmentation in Comic Books,"Marc Serra Ortega, Emanuele Vivoli, Artemis Llabres, Dimosthenis Karatzas",https://openaccess.thecvf.com/content/ICCV2025W/VisionDocs/html/Ortega_CoSMo_A_Multimodal_Transformer_for_Page_Stream_Segmentation_in_Comic_ICCVW_2025_paper.html,https://openaccess.thecvf.com/content/ICCV2025W/VisionDocs/papers/Ortega_CoSMo_A_Multimodal_Transformer_for_Page_Stream_Segmentation_in_Comic_ICCVW_2025_paper.pdf,1_Core_VDU (VisionDocs+)
Method,VisionDocs,Improved Information Extraction by Leveraging Multi-Hypothesis OCR at Inference Time,"Arthur Hemmer, Nicola Bartolo, Mickaël Coustaty, Jean-Marc Ogier",https://openaccess.thecvf.com/content/ICCV2025W/VisionDocs/html/Hemmer_Improved_Information_Extraction_by_Leveraging_Multi-Hypothesis_OCR_at_Inference_Time_ICCVW_2025_paper.html,https://openaccess.thecvf.com/content/ICCV2025W/VisionDocs/papers/Hemmer_Improved_Information_Extraction_by_Leveraging_Multi-Hypothesis_OCR_at_Inference_Time_ICCVW_2025_paper.pdf,1_Core_VDU (VisionDocs+)
Method,VisionDocs,DIVE-Doc: Downscaling foundational Image Visual Encoder into hierarchical architecture for DocVQA,"Rayane Bencharef, Abderrahmane Rahiche, Mohamed Cheriet",https://openaccess.thecvf.com/content/ICCV2025W/VisionDocs/html/Bencharef_DIVE-Doc_Downscaling_foundational_Image_Visual_Encoder_into_hierarchical_architecture_for_ICCVW_2025_paper.html,https://openaccess.thecvf.com/content/ICCV2025W/VisionDocs/papers/Bencharef_DIVE-Doc_Downscaling_foundational_Image_Visual_Encoder_into_hierarchical_architecture_for_ICCVW_2025_paper.pdf,1_Core_VDU (VisionDocs+)
Method,VisionDocs,DocSemi: Efficient Document Layout Analysis with Guided Queries,"Tahira Shehzadi, Ifza Ifza, Didier Stricker, Muhammad Zeshan Afzal",https://openaccess.thecvf.com/content/ICCV2025W/VisionDocs/html/Shehzadi_DocSemi_Efficient_Document_Layout_Analysis_with_Guided_Queries_ICCVW_2025_paper.html,https://openaccess.thecvf.com/content/ICCV2025W/VisionDocs/papers/Shehzadi_DocSemi_Efficient_Document_Layout_Analysis_with_Guided_Queries_ICCVW_2025_paper.pdf,1_Core_VDU (VisionDocs+)
Method,VisionDocs,TAP-VL: Text Layout Aware Pretraining for Enriched Vision-Language Models,"Jonathan Fhima, Elad Ben, Oren Nuriel, Yair Kittenplon, Roy Ganz, Aviad Aberdam, Ron Litman",https://openaccess.thecvf.com/content/ICCV2025W/VisionDocs/html/Fhima_TAP-VL_Text_Layout_Aware_Pretraining_for_Enriched_Vision-Language_Models_ICCVW_2025_paper.html,https://openaccess.thecvf.com/content/ICCV2025W/VisionDocs/papers/Fhima_TAP-VL_Text_Layout_Aware_Pretraining_for_Enriched_Vision-Language_Models_ICCVW_2025_paper.pdf,1_Core_VDU (VisionDocs+)
Method,VisionDocs,Text Image Generation for Low-Resource Languages with Dual Translation Learning,"Chihiro Noguchi, Shun Fukuda, Shoichiro Mihara, Masao Yamanaka",https://openaccess.thecvf.com/content/ICCV2025W/VisionDocs/html/Noguchi_Text_Image_Generation_for_Low-Resource_Languages_with_Dual_Translation_Learning_ICCVW_2025_paper.html,https://openaccess.thecvf.com/content/ICCV2025W/VisionDocs/papers/Noguchi_Text_Image_Generation_for_Low-Resource_Languages_with_Dual_Translation_Learning_ICCVW_2025_paper.pdf,1_Core_VDU (VisionDocs+)
Method,VisionDocs,ChemMiner: A Large Language Model Agent System for Chemical Literature Data Mining,"Kexin Chen, Yuyang Du, Junyou Li, Hanqun Cao, Menghao Guo, Xilin Dang, Lanqing Li, Jiezhong Qiu, Guangyong Chen, Pheng Ann Heng",https://openaccess.thecvf.com/content/ICCV2025W/VisionDocs/html/Chen_ChemMiner_A_Large_Language_Model_Agent_System_for_Chemical_Literature_ICCVW_2025_paper.html,https://openaccess.thecvf.com/content/ICCV2025W/VisionDocs/papers/Chen_ChemMiner_A_Large_Language_Model_Agent_System_for_Chemical_Literature_ICCVW_2025_paper.pdf,1_Core_VDU (VisionDocs+)
Method,VisionDocs,Scanned documents forensics: detecting inserted characters through noise and chromatic artifacts,"Marina Gardella, Julieta Umpierrez, Antoine Tadros, Seginus Mowlavi, Natalia Bottaioli, Diego Belzarena, Gabriele Facciolo, Roy He, Jean-Michel Morel, Rafael Grompone Von Gioi",https://openaccess.thecvf.com/content/ICCV2025W/VisionDocs/html/Gardella_Scanned_documents_forensics_detecting_inserted_characters_through_noise_and_chromatic_ICCVW_2025_paper.html,https://openaccess.thecvf.com/content/ICCV2025W/VisionDocs/papers/Gardella_Scanned_documents_forensics_detecting_inserted_characters_through_noise_and_chromatic_ICCVW_2025_paper.pdf,1_Core_VDU (VisionDocs+)
Method,VisionDocs,Describe Anything Model for Visual Question Answering on Text-rich Images,"Yen-Linh Vu, Dinh-Thang Duong, Truong-Binh Duong, Anh-Khoi Nguyen, Thanh-Huy Nguyen, Le Thien Phuc Nguyen, Jianhua Xing, Xingjian Li, Tianyang Wang, Ulas Bagci, Min Xu",https://openaccess.thecvf.com/content/ICCV2025W/VisionDocs/html/Vu_Describe_Anything_Model_for_Visual_Question_Answering_on_Text-rich_Images_ICCVW_2025_paper.html,https://openaccess.thecvf.com/content/ICCV2025W/VisionDocs/papers/Vu_Describe_Anything_Model_for_Visual_Question_Answering_on_Text-rich_Images_ICCVW_2025_paper.pdf,1_Core_VDU (VisionDocs+)
Method,VisionDocs,Quo Vadis Handwritten Text Generation for Handwritten Text Recognition?,"Vittorio Pippi, Konstantina Nikolaidou, Silvia Cascianelli, George Retsinas, Giorgos Sfikas, Rita Cucchiara, Marcus Liwicki",https://openaccess.thecvf.com/content/ICCV2025W/VisionDocs/html/Pippi_Quo_Vadis_Handwritten_Text_Generation_for_Handwritten_Text_Recognition_ICCVW_2025_paper.html,https://openaccess.thecvf.com/content/ICCV2025W/VisionDocs/papers/Pippi_Quo_Vadis_Handwritten_Text_Generation_for_Handwritten_Text_Recognition_ICCVW_2025_paper.pdf,1_Core_VDU (VisionDocs+)
Method,VisionDocs,Deep Learning-Based Intrusion Detection Systems for Phishing Email Detection: A Short Survey,"Axel De Nardin, Silvia Zottin, Claudio Piciarelli, Gian Luca Foresti",https://openaccess.thecvf.com/content/ICCV2025W/VisionDocs/html/De_Nardin_Deep_Learning-Based_Intrusion_Detection_Systems_for_Phishing_Email_Detection_A_ICCVW_2025_paper.html,https://openaccess.thecvf.com/content/ICCV2025W/VisionDocs/papers/De_Nardin_Deep_Learning-Based_Intrusion_Detection_Systems_for_Phishing_Email_Detection_A_ICCVW_2025_paper.pdf,1_Core_VDU (VisionDocs+)
Method,VisionDocs,Structure-aware Contrastive Learning for Diagram Understanding of Multimodal Models,Hiroshi Sasaki,https://openaccess.thecvf.com/content/ICCV2025W/VisionDocs/html/Sasaki_Structure-aware_Contrastive_Learning_for_Diagram_Understanding_of_Multimodal_Models_ICCVW_2025_paper.html,https://openaccess.thecvf.com/content/ICCV2025W/VisionDocs/papers/Sasaki_Structure-aware_Contrastive_Learning_for_Diagram_Understanding_of_Multimodal_Models_ICCVW_2025_paper.pdf,1_Core_VDU (VisionDocs+)
Method,VisionDocs,"A Survey on Reading Order, Table of Contents, and Structure Extraction in Document Analysis","Simone Giovannini, Simone Marinai",https://openaccess.thecvf.com/content/ICCV2025W/VisionDocs/html/Giovannini_A_Survey_on_Reading_Order_Table_of_Contents_and_Structure_ICCVW_2025_paper.html,https://openaccess.thecvf.com/content/ICCV2025W/VisionDocs/papers/Giovannini_A_Survey_on_Reading_Order_Table_of_Contents_and_Structure_ICCVW_2025_paper.pdf,1_Core_VDU (VisionDocs+)
Method,VisionDocs,PRISM: Pruning for Rank-adaptive Interpretable Segmentation Model with Application to Historical Document Multiband Images,"Kilian Declercq, Abderrahmane Rahiche, Mohamed Cheriet",https://openaccess.thecvf.com/content/ICCV2025W/VisionDocs/html/Declercq_PRISM_Pruning_for_Rank-adaptive_Interpretable_Segmentation_Model_with_Application_to_ICCVW_2025_paper.html,https://openaccess.thecvf.com/content/ICCV2025W/VisionDocs/papers/Declercq_PRISM_Pruning_for_Rank-adaptive_Interpretable_Segmentation_Model_with_Application_to_ICCVW_2025_paper.pdf,1_Core_VDU (VisionDocs+)
Dataset,CVAM,Seeing the Signs: A Survey of Edge-Deployable OCR Models for Billboard Visibility Analysis,"Maciej Szankin, Vidhyananth Ramasamy Venkatasamy, Lihang Ying",https://openaccess.thecvf.com/content/ICCV2025W/CVAM/html/Szankin_Seeing_the_Signs_A_Survey_of_Edge-Deployable_OCR_Models_for_ICCVW_2025_paper.html,https://openaccess.thecvf.com/content/ICCV2025W/CVAM/papers/Szankin_Seeing_the_Signs_A_Survey_of_Edge-Deployable_OCR_Models_for_ICCVW_2025_paper.pdf,2_Other_Doc_Text
Method,DeepID,DeepID Challenge of Detecting Synthetic Manipulations in ID Documents,"Pavel Korshunov, Vidit Vidit, Amir Mohammadi, Christophe Ecabert, Nevena Shamoska, Sébastien Marcel, Zeqin Yu, Ye Tian, Jiangqun Ni, Lazar Lazarevic, Renat Khizbullin, Anastasiia Evteeva, Alexey Tochin, Aleksei Grishin, Anjith George, Daniel Dealcala, Tamas Endrei, Javier Muñoz-Haro, Ruben Tolosana, Ruben Vera-Rodriguez, Aythami Morales, Julian Fierrez, György Cserey, Hardik Sharma, Sachin Chaudhary, Akshay Dudhane, Praful Hambarde, Amit Shukla, Prateek Shaily, Jayant Kumar, Ajinkya Hase, Satish Maurya, Mridul Sharma, Pallav Dwivedi",https://openaccess.thecvf.com/content/ICCV2025W/DeepID/html/Korshunov_DeepID_Challenge_of_Detecting_Synthetic_Manipulations_in_ID_Documents_ICCVW_2025_paper.html,https://openaccess.thecvf.com/content/ICCV2025W/DeepID/papers/Korshunov_DeepID_Challenge_of_Detecting_Synthetic_Manipulations_in_ID_Documents_ICCVW_2025_paper.pdf,2_Other_Doc_Text
Method,VQualA,VQualA 2025 Document Image Quality Assessment Challenge,"Fan Huang, Xiongkuo Min, Zhichao Ma, Xiaohong Liu, Chris Wei Zhou, Guangtao Zhai, Junjie Gao, Runze Liu, Yingzhe Peng, Shujian Yang, Jin Zhang, Kai Yang, Zhiyuan You, Zitian Ao, Yicheng Wu, Weixia Zhang, Junlin Chen, Wei Sun, Zhihua Wang, Zhe Zhang, Yang Yang, Mingying Bai, Jiawang Du, Zilong Lu, Zhenyu Jiang, Ziguan Cui, Zongliang Gan, Guijin Tang, Fan Yang, Hang Ouyang, Zhuohang Shi, Tianxin Xiao, Zhizun Luo, Zhaowang Wu, Kaixin Deng, Ruikun Zhang, Hao Yang, Liyuan Pan",https://openaccess.thecvf.com/content/ICCV2025W/VQualA/html/Huang_VQualA_2025_Document_Image_Quality_Assessment_Challenge_ICCVW_2025_paper.html,https://openaccess.thecvf.com/content/ICCV2025W/VQualA/papers/Huang_VQualA_2025_Document_Image_Quality_Assessment_Challenge_ICCVW_2025_paper.pdf,2_Other_Doc_Text
Method,VQualA,DeQA-Doc: Adapting DeQA-Score to Document Image Quality Assessment,"Junjie Gao, Runze Liu, Yingzhe Peng, Shujian Yang, Jin Zhang, Kai Yang, Zhiyuan You",https://openaccess.thecvf.com/content/ICCV2025W/VQualA/html/Gao_DeQA-Doc_Adapting_DeQA-Score_to_Document_Image_Quality_Assessment_ICCVW_2025_paper.html,https://openaccess.thecvf.com/content/ICCV2025W/VQualA/papers/Gao_DeQA-Doc_Adapting_DeQA-Score_to_Document_Image_Quality_Assessment_ICCVW_2025_paper.pdf,2_Other_Doc_Text
Method,WiCV,Efficient Additive Attention for Transformer-based Semi-supervised Document Layout Analysis,"Tahira Shehzadi, Ifza Ifza, Didier Stricker, Muhammad Zeshan Afzal",https://openaccess.thecvf.com/content/ICCV2025W/WiCV/html/Shehzadi_Efficient_Additive_Attention_for_Transformer-based_Semi-supervised_Document_Layout_Analysis_ICCVW_2025_paper.html,https://openaccess.thecvf.com/content/ICCV2025W/WiCV/papers/Shehzadi_Efficient_Additive_Attention_for_Transformer-based_Semi-supervised_Document_Layout_Analysis_ICCVW_2025_paper.pdf,2_Other_Doc_Text
Method,WiCV,Self-Supervised Representation Learning with Diffusion-Based Refinement for Image Rectification,"Pooja Kumari, Sukhendu Das",https://openaccess.thecvf.com/content/ICCV2025W/WiCV/html/Kumari_Self-Supervised_Representation_Learning_with_Diffusion-Based_Refinement_for_Image_Rectification_ICCVW_2025_paper.html,https://openaccess.thecvf.com/content/ICCV2025W/WiCV/papers/Kumari_Self-Supervised_Representation_Learning_with_Diffusion-Based_Refinement_for_Image_Rectification_ICCVW_2025_paper.pdf,2_Other_Doc_Text
Method,AISTORY,Re:Verse - Can your VLM read a Manga?,"Aaditya Baranwal, Madhav Kataria, Naitik Agrawal, Yogesh S Rawat, Shruti Vyas",https://openaccess.thecvf.com/content/ICCV2025W/AISTORY/html/Baranwal_ReVerse_-_Can_your_VLM_read_a_Manga_ICCVW_2025_paper.html,https://openaccess.thecvf.com/content/ICCV2025W/AISTORY/papers/Baranwal_ReVerse_-_Can_your_VLM_read_a_Manga_ICCVW_2025_paper.pdf,2_Other_Doc_Text
Method,CVAM,A Multi-Stage Pipeline for Accurate Handwritten Information Extraction from Financial Forms,"Guanghui Wang, Jinze Yu, Xing Zhang, Tomal Deb, Xuefeng Liu, Peiyang He",https://openaccess.thecvf.com/content/ICCV2025W/CVAM/html/Wang_A_Multi-Stage_Pipeline_for_Accurate_Handwritten_Information_Extraction_from_Financial_ICCVW_2025_paper.html,https://openaccess.thecvf.com/content/ICCV2025W/CVAM/papers/Wang_A_Multi-Stage_Pipeline_for_Accurate_Handwritten_Information_Extraction_from_Financial_ICCVW_2025_paper.pdf,2_Other_Doc_Text
Method,CVAM,Cross-lingual Visual Text Stylization and Synthesis Incorporating Text Rendering and Diffusion Model,"Minmin Shen, Caren Chen",https://openaccess.thecvf.com/content/ICCV2025W/CVAM/html/Shen_Cross-lingual_Visual_Text_Stylization_and_Synthesis_Incorporating_Text_Rendering_and_ICCVW_2025_paper.html,https://openaccess.thecvf.com/content/ICCV2025W/CVAM/papers/Shen_Cross-lingual_Visual_Text_Stylization_and_Synthesis_Incorporating_Text_Rendering_and_ICCVW_2025_paper.pdf,2_Other_Doc_Text
Method,P13N,Dual Orthogonal Guidance for Robust Diffusion-based Handwritten Text Generation,"Konstantina Nikolaidou, George Retsinas, Giorgos Sfikas, Silvia Cascianelli, Rita Cucchiara, Marcus Liwicki",https://openaccess.thecvf.com/content/ICCV2025W/P13N/html/Nikolaidou_Dual_Orthogonal_Guidance_for_Robust_Diffusion-based_Handwritten_Text_Generation_ICCVW_2025_paper.html,https://openaccess.thecvf.com/content/ICCV2025W/P13N/papers/Nikolaidou_Dual_Orthogonal_Guidance_for_Robust_Diffusion-based_Handwritten_Text_Generation_ICCVW_2025_paper.pdf,2_Other_Doc_Text
Method,HiGen,Sketch-to-Layout: Sketch-Guided Multimodal Layout Generation,"Riccardo Brioschi, Aleksandr Alekseev, Emanuele Nevali, Berkay Döner, Omar El Malki, Blagoj Mitrevski, Leandro Kieliger, Mark Collier, Andrii Maksai, Jesse Berent, Claudiu Cristian Musat, Efi Kokiopoulou",https://openaccess.thecvf.com/content/ICCV2025W/HiGen/html/Brioschi_Sketch-to-Layout_Sketch-Guided_Multimodal_Layout_Generation_ICCVW_2025_paper.html,https://openaccess.thecvf.com/content/ICCV2025W/HiGen/papers/Brioschi_Sketch-to-Layout_Sketch-Guided_Multimodal_Layout_Generation_ICCVW_2025_paper.pdf,2_Other_Doc_Text
Method,HiGen,Beyond Flat Text: Dual Self-inherited Guidance for Visual Text Generation,"Minxing Luo, Zixun Xia, Liaojun Chen, Zhenhang Li, Weichao Zeng, Jianye Wang, Wentao Cheng, Yaxing Wang, Yu Zhou, Jian Yang",https://openaccess.thecvf.com/content/ICCV2025W/HiGen/html/Luo_Beyond_Flat_Text_Dual_Self-inherited_Guidance_for_Visual_Text_Generation_ICCVW_2025_paper.html,https://openaccess.thecvf.com/content/ICCV2025W/HiGen/papers/Luo_Beyond_Flat_Text_Dual_Self-inherited_Guidance_for_Visual_Text_Generation_ICCVW_2025_paper.pdf,2_Other_Doc_Text
Method,HCV,SeeEEG: Semantic-aware EEG-based Multi-Modal Retrieval-Augmented Generation for High-Fidelity Visual Brain Decoding,"Jun-Mo Kim, Woohyeok Choi, Sang-Jun Park, Keun-Soo Heo, Young-Han Son, Ji-Hye Oh, Dong-Hee Shin, Tae-Eui Kam",https://openaccess.thecvf.com/content/ICCV2025W/HCV/html/Kim_SeeEEG_Semantic-aware_EEG-based_Multi-Modal_Retrieval-Augmented_Generation_for_High-Fidelity_Visual_Brain_ICCVW_2025_paper.html,https://openaccess.thecvf.com/content/ICCV2025W/HCV/papers/Kim_SeeEEG_Semantic-aware_EEG-based_Multi-Modal_Retrieval-Augmented_Generation_for_High-Fidelity_Visual_Brain_ICCVW_2025_paper.pdf,2_Other_Doc_Text
