Type,Vol,Published,Title,Authors,DOI,Paper_Link,Has_Abstract,Category
Dataset,172,2026-4,mChartQA and mChartQABench: A multimodal-only solution for complex chart question-answering,"Jingxuan Wei, Nan Xu, Guiyong Chang, Yin Luo, Bihui Yu, Ruifeng Guo",10.1016/j.patcog.2025.112348,https://doi.org/10.1016/j.patcog.2025.112348,NO,1_Core_VDU_Doc
Method,169,2026-1,MGRAG: MultiModal grid-aware retrieval augmentation generation framework for power grid work tickets,"Jiangbing Mao, Chenfeng Zheng, Wenliang Liu, Zhihong Zhang",10.1016/j.patcog.2025.111845,https://doi.org/10.1016/j.patcog.2025.111845,NO,1_Core_VDU_Doc
Method,170,2026-2,Mamba-YOLO: Multi-level adaptive rectangular convolution for Document Layout Analysis,"Wenkang Ma, Mingzhe Cao, Jinyue Ma, Zhenyang Dong, Chaozhi Yang, Zongmin Li",10.1016/j.patcog.2025.112031,https://doi.org/10.1016/j.patcog.2025.112031,NO,1_Core_VDU_Doc
Method,171,2026-3,DocAligner: Automating the annotation of photographed documents through real-virtual alignment,"Jiaxin Zhang, Peirong Zhang, Huiyi Cheng, Xinhong Chen, Haowei Xu, Kai Ding, Lianwen Jin",10.1016/j.patcog.2025.112191,https://doi.org/10.1016/j.patcog.2025.112191,NO,1_Core_VDU_Doc
Method,171,2026-3,Reasoning elicitation and multi-granularity contrastive learning for text-rich image understanding in large vision-language models,"Jiazhi Xia, Xiangyu Zhu, Bingchuan Jiang, Shichao Kan",10.1016/j.patcog.2025.112278,https://doi.org/10.1016/j.patcog.2025.112278,NO,1_Core_VDU_Doc
Method,172,2026-4,Robust scene text understanding with OCR token and word alignment for Text-VQA and text-caption,"Zan-Xia Jin, Pinle Qin, Suzhen Lin, Jia Qin, Shuangjiao Zhai, Jianchao Zeng, Xu-Cheng Yin",10.1016/j.patcog.2025.112362,https://doi.org/10.1016/j.patcog.2025.112362,NO,1_Core_VDU_Doc
Method,179,2026-11,AFH-Net: An adaptive feature harmonization network for document image De-warping,"Xinyue Zhou, Yuqi Liu, Nanfeng Jiang, Wang Man, Xu-Yao Zhang, Shunzhou Wang, Da-Han Wang",10.1016/j.patcog.2026.113608,https://doi.org/10.1016/j.patcog.2026.113608,NO,1_Core_VDU_Doc
Method,179,2026-11,DocSR-DETR: Enhancing Document Layout Analysis with emphasis on background regions of document images,"Wenjie Xu, Mayire Ibrayim, Quan Wang, Linying Wang",10.1016/j.patcog.2026.113944,https://doi.org/10.1016/j.patcog.2026.113944,NO,1_Core_VDU_Doc
Method,180,2026-12,VERSE: Visual Embedding Reduction and Space Exploration — Latent-space clustering for improving document understanding,"Ignacio de Rodrigo, Alvaro J. Lopez-Lopez, Jaime Boal",10.1016/j.patcog.2026.114448,https://doi.org/10.1016/j.patcog.2026.114448,NO,1_Core_VDU_Doc
Method,180,2026-12,FP-THD: Full page transcription of historical documents,"Hala Neji, Javier Nogueras-Iso, Javier Lacasta, Miguel Ángel Latre, Francisco Javier García-Marco",10.1016/j.patcog.2026.114351,https://doi.org/10.1016/j.patcog.2026.114351,yes,1_Core_VDU_Doc
Method,179,2026-11,Learning priority-aware controllable poster layout generation,"Fuxiang Yang, Wendi Hou, Lei Fan, Tonghua Su, Lingxiao He, Chengzhou Li, Meng Wang, Qianlong Xie, Xingxing Wang, Donglin Di, Xun Yang",10.1016/j.patcog.2026.113497,https://doi.org/10.1016/j.patcog.2026.113497,NO,1_Core_VDU_Doc
Dataset,169,2026-1,"A comprehensive survey of oracle character recognition: Challenges, datasets, methodology, and beyond","Jing Li, Xueke Chi, Qiufeng Wang, Kaizhu Huang, Da-Han Wang, Yongge Liu, Cheng-Lin Liu",10.1016/j.patcog.2025.111824,https://doi.org/10.1016/j.patcog.2025.111824,NO,2_OCR_HTR_SceneText
Method,171,2026-3,AutoScaler: Self scale alignment for handwritten mathematical expression recognition,"Wentao Yang, Jiaxin Zhang, Lianwen Jin",10.1016/j.patcog.2025.111872,https://doi.org/10.1016/j.patcog.2025.111872,NO,2_OCR_HTR_SceneText
Method,178,2026-10,Local and global graph modeling with edge-weighted graph attention network for handwritten mathematical expression recognition,"Yejing Xie, Richard Zanibbi, Harold Mouchère",10.1016/j.patcog.2026.113410,https://doi.org/10.1016/j.patcog.2026.113410,NO,2_OCR_HTR_SceneText
Method,180,2026-12,Answer-syntax guided handwritten mathematical expression recognition for intelligent education,"Mingyu Fan, Xiangshu Ruan, Xiangli Nie, Jianan Sun, Pengcheng Qian, Qianjin Chen, Matthias Rätsch",10.1016/j.patcog.2026.114500,https://doi.org/10.1016/j.patcog.2026.114500,NO,2_OCR_HTR_SceneText
Method,170,2026-2,ST-KeyS: Self-supervised Transformer for Keyword Spotting in historical handwritten documents,"Sana Khamekhem Jemni, Sourour Ammar, Mohamed Ali Souibgui, Yousri Kessentini, Abbas Cheddad",10.1016/j.patcog.2025.112036,https://doi.org/10.1016/j.patcog.2025.112036,NO,2_OCR_HTR_SceneText
Method,171,2026-3,Bayesian classifier calibration based on synthesized samples for zero-shot Chinese character recognition,"Xiang Ao, Xiao-Hui Li, Xu-Yao Zhang, Cheng-Lin Liu",10.1016/j.patcog.2025.112251,https://doi.org/10.1016/j.patcog.2025.112251,NO,2_OCR_HTR_SceneText
Method,177,2026-9,Graph-based radical structure tree representation for zero-shot Chinese character recognition,"Yongsheng Dong, Bohui Wu, Jinwen Ma, Xuelong Li",10.1016/j.patcog.2026.113314,https://doi.org/10.1016/j.patcog.2026.113314,NO,2_OCR_HTR_SceneText
Method,179,2026-11,Cross-modal local and global alignment for Chinese Character Recognition,"Junjie Yang, Anna Zhu, Hongyi Cai",10.1016/j.patcog.2026.113930,https://doi.org/10.1016/j.patcog.2026.113930,NO,2_OCR_HTR_SceneText
Method,180,2026-12,Entropy-aware structural alignment for zero-shot Handwritten Chinese Character Recognition,"Qiuming Luo, Tao Zeng, Feng Li, Heming Liu, Rui Mao, Chang Kong",10.1016/j.patcog.2026.114156,https://doi.org/10.1016/j.patcog.2026.114156,NO,2_OCR_HTR_SceneText
Method,180,2026-12,Two-stage decomposition network for handwritten Chinese character error correction,"Pengfei Hu, Zhenrong Zhang, Jiefeng Ma, Jun Du, Jianshu Zhang, Jianqing Gao, Feng Ma, Qingfeng Liu",10.1016/j.patcog.2026.114464,https://doi.org/10.1016/j.patcog.2026.114464,NO,2_OCR_HTR_SceneText
Method,172,2026-4,A text-only weakly supervised learning framework for text spotting via text-to-polygon generator,"Gege Zhang, Zhiyong Gan, Ling Deng, Shuaicheng Niu, Zhenghua Peng, Gang Dai, Shuangping Huang, Xiangmin Xu",10.1016/j.patcog.2025.112408,https://doi.org/10.1016/j.patcog.2025.112408,NO,2_OCR_HTR_SceneText
Method,172,2026-4,Preserving privacy without compromising accuracy: Machine unlearning for handwritten text recognition,"Lei Kang, Xuanshuo Fu, Lluis Gomez, Alicia Fornés, Ernest Valveny, Dimosthenis Karatzas",10.1016/j.patcog.2025.112411,https://doi.org/10.1016/j.patcog.2025.112411,yes,2_OCR_HTR_SceneText
Method,172,2026-4,Supervised learning for low-resource isolated glyph recognition in palm leaf manuscripts,"Erick Paulus, Jean-Christophe Burie, Fons J. Verbeek",10.1016/j.patcog.2025.112616,https://doi.org/10.1016/j.patcog.2025.112616,yes,2_OCR_HTR_SceneText
Method,173,2026-5,Push the limit of scene text recognition using character and text length guided text super-resolution,"Jiangtao Nie, Boxiong Wu, Wenyu Peng, Wei Wei, Lei Zhang, Chen Ding, Yanning Zhang",10.1016/j.patcog.2025.112869,https://doi.org/10.1016/j.patcog.2025.112869,NO,2_OCR_HTR_SceneText
Method,175,2026-7,Prompt-guided selective frequency network for real-world scene text image super-Resolution,"Xiang Yan, Tianqi Shan, Hanlin Qin, Naveed Akhtar, Yu Liu, Hossein Rahmani, Ajmal Mian",10.1016/j.patcog.2025.112974,https://doi.org/10.1016/j.patcog.2025.112974,yes,2_OCR_HTR_SceneText
Method,180,2026-12,LOG: Local Feature-Guided Global Linguistic Sequence Reconstruction for Chinese Scene Text Recognition,"Qiuyi Xin, Chu Zhang, Qing Lang, Xiaoping Wu, Jiabin Ye, Lianwen Jin, Hengnian Qi",10.1016/j.patcog.2026.114431,https://doi.org/10.1016/j.patcog.2026.114431,NO,2_OCR_HTR_SceneText
Method,177,2026-9,RISEN: Incremental multilingual text recognition by sharing and fusing cross-language knowledge,"Zi-Xin Li, Xiao-Qian Liu, Tai Zheng, Zhen-Duo Chen, Xin Luo, Xin-Shun Xu",10.1016/j.patcog.2026.113299,https://doi.org/10.1016/j.patcog.2026.113299,NO,2_OCR_HTR_SceneText
Method,177,2026-9,Contextual stroke classification in online handwritten documents with auto clustering pooling method,"Hongxing Peng, Muwu Yao, Xingyu Long, Yanlin Luo, Qijun Liang, Jinhui Pan, Zhanhao Gu, Haopei Xie, Yan Chen",10.1016/j.patcog.2026.113356,https://doi.org/10.1016/j.patcog.2026.113356,NO,2_OCR_HTR_SceneText
Method,177,2026-9,Meta-DAN: Towards an efficient prediction strategy for page-level handwritten text recognition,Denis Coquenet,10.1016/j.patcog.2026.113373,https://doi.org/10.1016/j.patcog.2026.113373,yes,2_OCR_HTR_SceneText
Method,179,2026-11,SAGE-networks: Shape-aware geometric embeddings for writer re-identification in historical manuscripts,"Alessio Fagioli, Nicola Follador, Marco Cascio, Emanuela Colombi, Gian Luca Foresti",10.1016/j.patcog.2026.113551,https://doi.org/10.1016/j.patcog.2026.113551,NO,2_OCR_HTR_SceneText
Method,180,2026-12,Promptable Selective Scene Text Removal,"Guan Li, Anna Zhu, Ran Gong, Seiichi Uchida",10.1016/j.patcog.2026.114136,https://doi.org/10.1016/j.patcog.2026.114136,NO,2_OCR_HTR_SceneText
Method,180,2026-12,ProtoSig: Enhancing training data for offline handwritten signature verification using prototypical signatures,"Kecia G. de Moura, Robert Sabourin, Rafael M.O. Cruz",10.1016/j.patcog.2026.114258,https://doi.org/10.1016/j.patcog.2026.114258,yes,2_OCR_HTR_SceneText
Method,180,2026-12,BengHWR: A robust handwritten word recognizer in Bengali,"Moumita Moitra, Sujan Kumar Saha",10.1016/j.patcog.2026.114557,https://doi.org/10.1016/j.patcog.2026.114557,NO,2_OCR_HTR_SceneText
Method,In Press,2026-9,Learn the fundamental characteristics of handwritten characters for a necessary neural network calibration,"Mohamed Kentour, Joan Lu, Qiang Xu",10.1016/j.patcog.2026.114899,https://doi.org/10.1016/j.patcog.2026.114899,yes,2_OCR_HTR_SceneText
Method,179,2026-11,HM-RAG: Long video reasoning and anomaly detection via hierarchical multi-agent retrieval-augmented generation,"Jisheng Dang, Quan Wan, Dewei Liu, Ziyue Wang, Bimei Wang, Pei Liu, Hong Peng, Bin Hu, Tat-Seng Chua",10.1016/j.patcog.2026.113622,https://doi.org/10.1016/j.patcog.2026.113622,NO,3_RAG_MM_Retrieval
Method,178,2026-10,Dual-strategy retrieval-augmented generation for anomaly recovery in large language models,"Jinxin Lv, Zijie Li, Jianhou Gan, Wenqi Ren, Shuyu Chen, Jun Wang",10.1016/j.patcog.2026.113430,https://doi.org/10.1016/j.patcog.2026.113430,NO,3_RAG_MM_Retrieval
Method,180,2026-12,Concept-based heterogeneous context fusion for enhancing RAG via AMR-driven distillation,"Kaize Shi, Xueyao Sun, Qika Lin, Yan Li, Qing Li, Guandong Xu",10.1016/j.patcog.2026.114604,https://doi.org/10.1016/j.patcog.2026.114604,NO,3_RAG_MM_Retrieval
Method,179,2026-11,Retrieval-augmented prompt for out-of-distribution detection,"Ruisong Han, Jiahao Zhang, Guofeng Zhang, Mingyue Cheng, Changqing Zhang, Zongbo Han",10.1016/j.patcog.2026.113779,https://doi.org/10.1016/j.patcog.2026.113779,NO,3_RAG_MM_Retrieval
Method,172,2026-4,Retrieval-augmented image harmonization,"Haolin Wang, Ming Liu, Zifei Yan, Chao Zhou, Longan Xiao, Wangmeng Zuo",10.1016/j.patcog.2025.112556,https://doi.org/10.1016/j.patcog.2025.112556,NO,3_RAG_MM_Retrieval
Method,180,2026-12,Retrieval-augmented diffusion with acoustic priors for high-fidelity sonar image generation,"Shaocong Yang, Zheng Gu, Hongye Cao, Xiaolong Qi, Ling Lin, Jing Huo, Yang Gao",10.1016/j.patcog.2026.114165,https://doi.org/10.1016/j.patcog.2026.114165,NO,3_RAG_MM_Retrieval
Method,179,2026-11,F3-SD: Focal feature fusion with self-distillation on large vision-language models for cross-modal retrieval,"Da Chen, Yangtao Wang, Yanzhao Xie, Xin Tan, Xiaocui Li, Maobin Tang, Meie Fang, Wensheng Zhang",10.1016/j.patcog.2026.113664,https://doi.org/10.1016/j.patcog.2026.113664,NO,3_RAG_MM_Retrieval
Method,180,2026-12,ScalarNet: Learning retrieval-optimized scalar embeddings for efficient image storage and search,"Umali Leonard, Xiaofeng Ding, Mtisunge Tupochere Malemia",10.1016/j.patcog.2026.113799,https://doi.org/10.1016/j.patcog.2026.113799,NO,3_RAG_MM_Retrieval
Method,171,2026-3,RSPH: Robust self-paced hashing for cross-modal retrieval,"Donglin Zhang, Zhikai Hu, Xiao-Jun Wu, Josef Kittler",10.1016/j.patcog.2025.112072,https://doi.org/10.1016/j.patcog.2025.112072,NO,4_CrossModal_Hashing
Method,172,2026-4,Boundary mutual information hashing for cross-modal retrieval,"Qing Ma, Yue Jiang, Cong Bai",10.1016/j.patcog.2025.112658,https://doi.org/10.1016/j.patcog.2025.112658,NO,4_CrossModal_Hashing
Method,176,2026-8,Joint asymmetric discrete hashing for cross-modal retrieval,"Jiaxing Li, Lin Jiang, Zuopeng Yang, Xiaozhao Fang, Shengli Xie, Yong Xu",10.1016/j.patcog.2026.113180,https://doi.org/10.1016/j.patcog.2026.113180,NO,4_CrossModal_Hashing
Method,176,2026-8,Adaptive centroid guided hashing for cross-modal retrieval,"Zhenqiu Shu, Julong Zhang, Zhengtao Yu",10.1016/j.patcog.2026.113186,https://doi.org/10.1016/j.patcog.2026.113186,NO,4_CrossModal_Hashing
Method,176,2026-8,Adversarial supervised contrastive feature learning for cross-modal retrieval,"Xin Shu, Yikang Guo, Shou Gang Ren",10.1016/j.patcog.2026.113256,https://doi.org/10.1016/j.patcog.2026.113256,NO,4_CrossModal_Hashing
Method,178,2026-10,Optimal transport filtering for robust cross-modal retrieval with open-set noisy labels,"Xinliu Liu, Ruitao Pu, Yuan Sun, Yingke Chen, Shudong Huang, Dezhong Peng, Yongsheng Sang, Ziming Wang",10.1016/j.patcog.2026.113377,https://doi.org/10.1016/j.patcog.2026.113377,NO,4_CrossModal_Hashing
Method,180,2026-12,Unified stable and generalizable online hashing for cross-modal retrieval,"Yang Sun, Tianshi Wang, Fengling Li, Guohua Dong, Lei Zhu",10.1016/j.patcog.2026.114053,https://doi.org/10.1016/j.patcog.2026.114053,NO,4_CrossModal_Hashing
Method,180,2026-12,Dual-path decoupling and contrastive hashing for medical cross-modal retrieval,"Yunfei Chen, Can Liang, Renwei Xia, Aiwan Fan, Zhan Yang",10.1016/j.patcog.2026.114179,https://doi.org/10.1016/j.patcog.2026.114179,NO,4_CrossModal_Hashing
Method,180,2026-12,Prior-informed generative hashing under non-ideal semantic manifolds for cross-modal retrieval,"Zequn Wang, Fengling Li, Tianshi Wang, Guohua Dong, Guoli Yang, Lei Zhu",10.1016/j.patcog.2026.114345,https://doi.org/10.1016/j.patcog.2026.114345,NO,4_CrossModal_Hashing
Method,In Press,2026-9,SpikeHSA: Heterogeneous Space-Aligned Spiking Hashing for cross-modal retrieval,"Zhen Zhang, Yaochen Yang, Wenxin Huang, Lei Zhu, Xian Zhong",10.1016/j.patcog.2026.114979,https://doi.org/10.1016/j.patcog.2026.114979,NO,4_CrossModal_Hashing
