BibKey,Number
ma2024dse,1
fayssecolpali2025,2
nagy1984xytree,3
ogorman1993docstrum,4
kise1998voronoi,5
zanibbi2004tablesurvey,6
chan2000mathrecognition,7
jaume2019funsd,8
alaei2016logosealsurvey,9
zramdini1998fontrecognition,10
lu2004docimageretrieval,11
rath2007wordspotting,12
almazan2014wordspotting,13
xu2020layoutlm,14
xu2021layoutlmv2,15
huang2022layoutlmv3,16
lysak2023otsl,17
long2025lorepp,18
lee2023formnetv2,19
masry2022chartqa,20
zhao2022comer,21
li2022can,22
yu2023rest,23
yang2024fontdiffuser,24
gao-etal-2026-scaling,25
liu2024lostinthemiddle,26
lewis2020rag,27
karpukhin2020dpr,28
khattab2020colbert,29
yuvisrag2025,30
tanakavdocrag2025,31
cho2024m3docvqa,32
qiao2025reproducibility,33
caffagni2024wikillava,34
yan2024echosight,35
kasem2024tablesurvey,36
davila2021chartmining,37
abdallah2024formsurvey,38
zanibbi2025mathir,39
yan2026unlocking,40
zhang2025rolesmllm,41
anon2026documentintelligence,42
datagen2026survey,43
vrdqasurvey2025,44
ding-etal-2026-survey,45
ding2024vrdusurvey,46
fu-etal-2025-multimodal,47
zhang2024documentparsing,48
wang2025documentintelligencellm,49
nandi2024vducomparative,50
abootorabi-etal-2025-ask,51
mei2025multimodalragsurvey,52
ragvisionsurvey2025,53
gao2023ragsurvey,54
santhanam2021colbertv2,55
page2021prisma,56
ding2025vrdiu,57
xie2026pdfwukong,58
ma-etal-2025-visa,59
liregionrag2026,60
wangregionslm2026,61
masry2025colflor,62
hybridvector2025,63
prunemerge2026acl,64
xiaometaembed2026,65
suri2025visdom,66
wang-etal-2025-vidorag,67
han2025mdocagent,68
aizawa2013ntcir10math,69
zanibbi2016ntcir12mathir,70
zanibbi2016multistagemath,71
lee2022formnet,72
tang2023udop,73
kim2022donut,74
davis2022dessurt,75
dhouib2023docparser,76
blechernougat2024,77
liu2026textmonkey,78
cui2025paddleocrvl,79
chensvrag2025,80
yan2025docpruner,81
qin2026lmsretrieval,82
sourati-etal-2026-lad,83
loison2026vidorev3,84
indicvisionbench2026,85
yueseavision2026,86
sun-etal-2026-good,87
gao-etal-2026-strunrag,88
chen2025charthqa,89
chen-etal-2025-unmasking,90
cdm2025,91
ouyangomnidocbench2025,92
smith2007tesseract,93
li2023trocr,94
li2025dotsocr,95
li2025monkeyocr,96
zhong2019publaynet,97
pfitzmann2022doclaynet,98
wang2021layoutreader,99
chengraphbased2025,100
lu-etal-2025-bounding,101
zhua2025,102
liaodoclayllm2025,103
smock2022pubtables,104
nassar2022tableformer,105
zheng-etal-2024-multimodal,106
li2022tablestructure,107
methani2020plotqa,108
wang2024charxiv,109
chen2024onechart,110
wang2024unimernet,111
xu2022xfund,112
perot-etal-2024-lmdx,113
wang2023vrdu,114
ji-etal-2026-unikie,115
mandal2011signaturecrf,116
yang2023stamperasure,117
tan2021sealverification,118
nandedkar2016spods,119
ju2025dkds,120
seuret2021hdc,121
textar2025,122
gunther2024latechunking,123
qu2025semanticchunking,124
robertson2009bm25,125
meng2025vlm2vecv2,126
wang2024docllm,127
liu2025screenshot,128
song2026ocrquality,129
zhangocr2025,130
zhangdockylin2025,131
wen-etal-2025-token,132
liao-etal-2026-using,133
beyondgrid2026,134
arial2025,135
bboxdocvqa2025,136
longdocurl2024,137
dong-etal-2025-mmdocir,138
citevqa2026,139
liu2026lookmiddle,140
teiletche2025modernvbert,141
evoretriever2026cvpr,142
robustvisrag2026cvpr,143
m3docdep2026cvpr,144
marsrl2026cvpr,145
evsparsity2026cvpr,146
lightstar2026eccv,147
uotvdr2026eccv,148
mg2rag2026eccv,149
mmagentr22026eccv,150
urag2026aaai,151
liulook2026,152
globaldoc2025wacv,153
vragrl2025neurips,154
masry2025colmate,155
nguyen2025serval,156
lilac2025emnlp,157
sun2025docagent,158
wu2025molorag,159
simpledoc2025emnlp,160
hikey2026,161
utilitymrag2026acl,162
jin2025slideagent,163
zhu2025doclens,164
tracedoc2026acl,165
alden2026acl,166
mdocragrl2026acl,167
mmdocr12026acl,168
docvstar2026acl,169
storageeff2025acl,170
neusymrag2025acl,171
docreact2025acl,172
poqd2025icml,173
rap2025icml,174
mmhierrag2026kdd,175
realign2026sigir,176
agree2026sigir,177
tilepool2026sigir,178
mvcompress2026sigir,179
mixedmodal2026sigir,180
chainevidence2026sigir,181
fragment2026sigir,182
megrag2026sigir,183
ansrerank2026sigir,184
scan2026eacl,185
scopevlm2026eacl,186
cmrag2025,187
moreira2026nemotroncolembed,188
lfrag2026,189
chen2026mardoc,190
sun2025visrag2,191
hkrag2025,192
wei2025deepseekocr,193
macevidorev22025,194
vijayan2025indicstr,195
nath2025indicdlp,196
piryani2025multiocrqa,197
most2025lostocr,198
lilong2025,199
levy-etal-2025-documents,200
bhat2026savior,201
mathew2021docvqa,202
mathew2022infovqa,203
zhu2022tatdqa,204
pramanickspiqa2024,205
vanlandeghem2023dude,206
mammlongbenchdoc2024,207
irpapers2026,208
unidocbench2025,209
mmdocrag2025,210
tang2025mtvqa,211
osmulski2025miraclvision,212
visrbench2025,213
jarvelin2002ndcg,214
biten2019stvqa,215
salemievaluating2024,216
rightway2025,217
