key,title,authors,venue,year,preprint,decision,reason
gao-etal-2026-scaling,Scaling Beyond Context: A Survey of Multimodal Retrieval-Augmented Generation for Document Understanding,"Gao, Sensen and Zhao, Shanshan and Jiang, Xu and others",Proc. Annu. Meeting Assoc. Comput. Linguistics (ACL),2026,no,included,
yan2026unlocking,Unlocking Multimodal Document Intelligence: From Current Triumphs to Future Frontiers of Visual Document Retrieval,"Yan, Yibo and others",arXiv preprint arXiv:2602.19961,2026,yes,included,
zhang2025rolesmllm,Roles of MLLMs in Visually Rich Document Retrieval for RAG: A Survey,"Zhang, Xiantao",Proc. IJCNLP-AACL,2025,no,included,
ding-etal-2026-survey,"A Survey on MLLM-based Visually Rich Document Understanding: Methods, Challenges, and Emerging Trends","Ding, Yihao and Luo, Siwen and Dai, Yue and others",Proc. Annu. Meeting Assoc. Comput. Linguistics (ACL),2026,no,included,
ding2024vrdusurvey,Deep Learning based Visually Rich Document Content Understanding: A Survey,"Ding, Yihao and others",Artificial Intelligence Review,2026,no,included,
abootorabi-etal-2025-ask,Ask in Any Modality: A Comprehensive Survey on Multimodal Retrieval-Augmented Generation,"Abootorabi, Mohammad Mahdi and Zobeiri, Amirhosein and Dehghani, Mahdi and others",Proc. Annu. Meeting Assoc. Comput. Linguistics (ACL),2025,no,included,
mei2025multimodalragsurvey,A Survey of Multimodal Retrieval-Augmented Generation,"Mei, Lang and others",arXiv preprint arXiv:2504.08748,2025,yes,included,
ragvisionsurvey2025,Retrieval Augmented Generation and Understanding in Vision: A Survey and New Outlook,"Zhao, Xu and others",arXiv preprint arXiv:2503.18016,2025,yes,included,
graphragsurvey2024,Graph Retrieval-Augmented Generation: A Survey,"Peng, Boci and Zhu, Yun and Liu, Yongchao and others",ACM Trans. Inf. Syst.,2026,no,included,
kasem2024tablesurvey,Deep Learning for Table Detection and Structure Recognition: A Survey,"Kasem, Mahmoud and others",ACM Comput. Surv.,2024,no,included,
alaei2016logosealsurvey,Logo and Seal Based Administrative Document Image Retrieval: A Survey,"Alaei, Alireza and Roy, Partha Pratim and Pal, Umapada",Computer Science Review,2016,no,included,
giotis2017wordspottingsurvey,A Survey of Document Image Word Spotting Techniques,"Giotis, Angelos P. and Sfikas, Giorgos and Gatos, Basilis and Nikou, Christophoros",Pattern Recognition,2017,no,included,
zanibbi2025mathir,Mathematical Information Retrieval: Search and Question Answering,"Zanibbi, Richard and Mansouri, Behrooz and Agarwal, Anurag",Foundations and Trends in Information Retrieval,2025,no,included,
zhang2024documentparsing,"Document Parsing Unveiled: Techniques, Challenges and Prospects for Structured Information Extraction","Zhang, Qintong and Huang, Victor Shea-Jay and Wang, Bin and Zhang, Junyuan and Wang, Zhengren and Liang, Hao and Wang, Shawn and Lin, Matthieu and Zhang, Wentao and He, Conghui",arXiv preprint arXiv:2410.21169,2024,yes,included,
wang2025documentintelligencellm,Document Intelligence in the Era of Large Language Models: A Survey,"Wang, Zhengyuan and others",arXiv preprint arXiv:2510.13366,2025,yes,included,
fu-etal-2025-multimodal,Multimodal Large Language Models for Text-rich Image Understanding: A Comprehensive Review,"Fu, Pei and Guan, Tongkun and Wang, Zining and others",Proc. Annu. Meeting Assoc. Comput. Linguistics (ACL),2025,no,included,
anon2026documentintelligence,"Large Language Models in Document Intelligence: A Comprehensive Survey, Recent Advances, Challenges, and Future Trends",Anonymous,ACM Trans. Inf. Syst.,2026,no,included,
gao2023ragsurvey,Retrieval-Augmented Generation for Large Language Models: A Survey,"Gao, Yunfan and Xiong, Yun and Gao, Xinyu and Jia, Kangxiang and Pan, Jinliu and Bi, Yuxi and Dai, Yixin and Sun, Jiawei and Wang, Haofen",arXiv preprint arXiv:2312.10997,2023,yes,included,
lewis2020rag,Retrieval-Augmented Generation for Knowledge-Intensive NLP Tasks,"Lewis, Patrick and Perez, Ethan and Piktus, Aleksandra and Petroni, Fabio and Karpukhin, Vladimir and Goyal, Naman and others",Adv. Neural Inf. Process. Syst. (NeurIPS),2020,no,included,
karpukhin2020dpr,Dense Passage Retrieval for Open-Domain Question Answering,"Karpukhin, Vladimir and O\uguz, Barlas and Min, Sewon and Lewis, Patrick and Wu, Ledell and Edunov, Sergey and others",Proc. Conf. Empirical Methods Natural Language Process. (EMNLP),2020,no,included,
khattab2020colbert,ColBERT: Efficient and Effective Passage Search via Contextualized Late Interaction over BERT,"Khattab, Omar and Zaharia, Matei",Proc. Int. ACM SIGIR Conf. Res. Develop. Inf. Retrieval,2020,no,included,
santhanam2021colbertv2,ColBERTv2: Effective and Efficient Retrieval via Lightweight Late Interaction,"Santhanam, Keshav and Khattab, Omar and Saad-Falcon, Jon and Potts, Christopher and Zaharia, Matei",arXiv preprint arXiv:2112.01488,2021,yes,included,
robertson2009bm25,The Probabilistic Relevance Framework: BM25 and Beyond,"Robertson, Stephen and Zaragoza, Hugo",Foundations and Trends in Information Retrieval,2009,no,included,
johnson2019faiss,Billion-Scale Similarity Search with GPUs,"Johnson, Jeff and Douze, Matthijs and J\'egou, Herv\'e",IEEE Trans. Big Data,2019,no,included,
liu2024lostinthemiddle,Lost in the Middle: How Language Models Use Long Contexts,"Liu, Nelson F. and Lin, Kevin and Hewitt, John and Paranjape, Ashwin and Bevilacqua, Michele and Petroni, Fabio and Liang, Percy",Trans. Assoc. Comput. Linguistics,2024,no,included,
jarvelin2002ndcg,Cumulated Gain-Based Evaluation of IR Techniques,"J\""arvelin, Kalervo and Kek\""al\""ainen, Jaana",ACM Trans. Inf. Syst.,2002,no,included,
biten2019stvqa,Scene Text Visual Question Answering,"Biten, Ali Furkan and Tito, Rub\`en and Mafla, Andr\'es and Gomez, Llu\'is and Rusi\~nol, Mar\ccal and Valveny, Ernest and others",Proc. IEEE/CVF Int. Conf. Comput. Vis. (ICCV),2019,no,included,
lee2023pix2struct,Pix2Struct: Screenshot Parsing as Pretraining for Visual Language Understanding,"Lee, Kenton and Joshi, Mandar and Turc, Iulia and Hu, Hexiang and Liu, Fangyu and Eisenschlos, Julian and others",Proc. Int. Conf. Mach. Learn. (ICML),2023,no,included,
wong1982documentanalysis,Document Analysis System,"Wong, K. Y. and Casey, R. G. and Wahl, F. M.",IBM Journal of Research and Development,1982,no,included,
nagy1984xytree,Hierarchical Representation of Optically Scanned Documents,"Nagy, George and Seth, Sharad C.",Proc. Int. Conf. Pattern Recognition,1984,no,included,
ogorman1993docstrum,The Document Spectrum for Page Layout Analysis,"O'Gorman, Lawrence",IEEE Trans. Pattern Anal. Mach. Intell.,1993,no,included,
baird1994backgroundstructure,Background Structure in Document Images,"Baird, Henry S.",Int. J. Pattern Recognit. Artif. Intell.,1994,no,included,
kise1998voronoi,Segmentation of Page Images Using the Area Voronoi Diagram,"Kise, Koichi and Sato, Akinori and Iwata, Motoi",Computer Vision and Image Understanding,1998,no,included,
breuel2002geometric,Two Geometric Algorithms for Layout Analysis,"Breuel, Thomas M.",Proc. Int. Workshop Document Analysis Systems (DAS),2002,no,included,
shafait2006sixalgorithms,Performance Comparison of Six Algorithms for Page Segmentation,"Shafait, Faisal and Keysers, Daniel and Breuel, Thomas M.",Proc. Int. Workshop Document Analysis Systems (DAS),2006,no,included,
shafait2008sixpagesegmentation,Performance Evaluation and Benchmarking of Six-Page Segmentation Algorithms,"Shafait, Faisal and Keysers, Daniel and Breuel, Thomas M.",IEEE Trans. Pattern Anal. Mach. Intell.,2008,no,included,
almazan2014wordspotting,Word Spotting and Recognition with Embedded Attributes,"Almaz\'an, Jon and Gordo, Albert and Forn\'es, Alicia and Valveny, Ernest",IEEE Trans. Pattern Anal. Mach. Intell.,2014,no,included,
rath2007wordspotting,Word Spotting for Historical Documents,"Rath, Toni M. and Manmatha, R.",Int. J. Document Analysis and Recognition (IJDAR),2007,no,included,
rusinol2015segmentationfree,Efficient Segmentation-Free Keyword Spotting in Historical Document Collections,"Rusi\~nol, Mar\ccal and Aldavert, David and Toledo, Ricardo and Llad\'os, Josep",Pattern Recognition,2015,no,included,
sudholt2016phocnet,PHOCNet: A Deep CNN for Word Spotting in Handwritten Documents,"Sudholt, Sebastian and Fink, Gernot A.",Proc. Int. Conf. Frontiers in Handwriting Recognition (ICFHR),2016,no,included,
wilkinson2017neuralctrlf,Neural Ctrl-F: Segmentation-Free Query-by-String Word Spotting,"Wilkinson, Tomas and Lindstr\""om, Jonas and Brun, Anders",Proc. IEEE/CVF Int. Conf. Comput. Vis. (ICCV),2017,no,included,
pyreddy1997tintin,TINTIN: A System for Retrieval in Text Tables,"Pyreddy, Pallavi and Croft, W. Bruce",Proc. ACM Int. Conf. Digital Libraries,1997,no,included,
xu2020layoutlm,LayoutLM: Pre-training of Text and Layout for Document Image Understanding,"Xu, Yiheng and Li, Minghao and Cui, Lei and Huang, Shaohan and Wei, Furu and Zhou, Ming",Proc. ACM SIGKDD Int. Conf. Knowledge Discovery and Data Mining,2020,no,included,
xu2021layoutlmv2,LayoutLMv2: Multi-modal Pre-training for Visually-Rich Document Understanding,"Xu, Yang and Xu, Yiheng and Lv, Tengchao and Cui, Lei and Wei, Furu and Wang, Guoxin and others",Proc. Annu. Meeting Assoc. Comput. Linguistics (ACL),2021,no,included,
huang2022layoutlmv3,LayoutLMv3: Pre-training for Document AI with Unified Text and Image Masking,"Huang, Yupan and Lv, Tengchao and Cui, Lei and Lu, Yutong and Wei, Furu",Proc. ACM Int. Conf. Multimedia (ACM MM),2022,no,included,
wang2022lilt,LiLT: A Simple yet Effective Language-Independent Layout Transformer for Structured Document Understanding,"Wang, Jiapeng and Jin, Lianwen and Ding, Kai",Proc. Annu. Meeting Assoc. Comput. Linguistics (ACL),2022,no,included,
huang2022ernielayout,ERNIE-Layout: Layout Knowledge Enhanced Pre-training for Visually-rich Document Understanding,"Peng, Qiming and Pan, Yinxu and Wang, Wenjin and Luo, Bin and Zhang, Zhenyu and Huang, Zhengjie and others",Findings of EMNLP,2022,no,included,
kim2022donut,OCR-free Document Understanding Transformer,"Kim, Geewook and Hong, Teakgyu and Yim, Moonbin and Nam, Jeongyeon and Park, Jinyoung and Yim, Jinyeong and others",Proc. Eur. Conf. Comput. Vis. (ECCV),2022,no,included,
davis2022dessurt,End-to-End Document Recognition and Understanding with Dessurt,"Davis, Brian and Morse, Bryan and Price, Brian and Tensmeyer, Chris and Wigington, Curtis and Morariu, Vlad",Proc. Eur. Conf. Comput. Vis. Workshops (ECCVW),2022,no,included,
tang2023udop,"Unifying Vision, Text, and Layout for Universal Document Processing","Tang, Zineng and Yang, Ziyi and Wang, Guoxin and Fang, Yuwei and Liu, Yang and Zhu, Chenguang and others",Proc. IEEE/CVF Conf. Comput. Vis. Pattern Recognit. (CVPR),2023,no,included,
smith2007tesseract,An Overview of the Tesseract OCR Engine,"Smith, Ray",Proc. Int. Conf. Document Analysis and Recognition (ICDAR),2007,no,included,
shi2017crnn,An End-to-End Trainable Neural Network for Image-Based Sequence Recognition and Its Application to Scene Text Recognition,"Shi, Baoguang and Bai, Xiang and Yao, Cong",IEEE Trans. Pattern Anal. Mach. Intell.,2017,no,included,
li2023trocr,TrOCR: Transformer-Based Optical Character Recognition with Pre-trained Models,"Li, Minghao and Lv, Tengchao and Chen, Jingye and Cui, Lei and Lu, Yijuan and Florencio, Dinei and others",Proc. AAAI Conf. Artificial Intelligence,2023,no,included,
zhong2019publaynet,PubLayNet: Largest Dataset Ever for Document Layout Analysis,"Zhong, Xu and Tang, Jianbin and Jimeno Yepes, Antonio",Proc. Int. Conf. Document Analysis and Recognition (ICDAR),2019,no,included,
lu-etal-2025-bounding,A Bounding Box is Worth One Token: Interleaving Layout and Text in a Large Language Model for Document Understanding,"Lu, Jinghui and Yu, Haiyang and Wang, Yanjie and others",Proc. Annu. Meeting Assoc. Comput. Linguistics (ACL),2025,no,included,
liaodoclayllm2025,DocLayLLM: An Efficient Multi-modal Extension of Large Language Models for Text-rich Document Understanding,"Liao, Wenhui and Wang, Jiapeng and Li, Hongliang and Wang, Chengyu and Huang, Jun and Jin, Lianwen",Proc. IEEE/CVF Conf. Comput. Vis. Pattern Recognit. (CVPR),2025,no,included,
zhua2025,A Simple yet Effective Layout Token in Large Language Models for Document Understanding,"Zhu, Zhaoqing and Luo, Chuwei and Shao, Zirui and Gao, Feiyu and Xing, Hangdi and Zheng, Qi and others",Proc. IEEE/CVF Conf. Comput. Vis. Pattern Recognit. (CVPR),2025,no,included,
chengraphbased2025,Graph-based Document Structure Analysis,"Chen, Yufan and Liu, Ruiping and Zheng, Junwei and Wen, Di and Peng, Kunyu and Zhang, Jiaming and others",Proc. Int. Conf. Learning Representations (ICLR),2025,no,included,
zanibbi2004tablesurvey,"A Survey of Table Recognition: Models, Observations, Transformations, and Inferences","Zanibbi, Richard and Blostein, Dorothea and Cordy, James R.",Int. J. Document Analysis and Recognition (IJDAR),2004,no,included,
embley2006tableparadigms,Table-Processing Paradigms: A Research Survey,"Embley, David W. and Hurst, Matthew and Lopresti, Daniel and Nagy, George",Int. J. Document Analysis and Recognition (IJDAR),2006,no,included,
qasim2019tablegnn,Rethinking Table Recognition Using Graph Neural Networks,"Qasim, Shah Rukh and Mahmood, Hassan and Shafait, Faisal",Proc. Int. Conf. Document Analysis and Recognition (ICDAR),2019,no,included,
nassar2022tableformer,TableFormer: Table Structure Understanding with Transformers,"Nassar, Ahmed and Livathinos, Nikolaos and Lysak, Maksym and Staar, Peter",Proc. IEEE/CVF Conf. Comput. Vis. Pattern Recognit. (CVPR),2022,no,included,
smock2022pubtables,PubTables-1M: Towards Comprehensive Table Extraction from Unstructured Documents,"Smock, Brandon and Pesala, Rohith and Abraham, Robin",Proc. IEEE/CVF Conf. Comput. Vis. Pattern Recognit. (CVPR),2022,no,included,
zheng-etal-2024-multimodal,Multimodal Table Understanding,"Zheng, Mingyu and Feng, Xinwei and Si, Qingyi and others",Proc. Annu. Meeting Assoc. Comput. Linguistics (ACL),2024,no,included,
methani2020plotqa,PlotQA: Reasoning over Scientific Plots,"Methani, Nitesh and Ganguly, Pritha and Khapra, Mitesh M. and Kumar, Pratyush",Proc. IEEE/CVF Winter Conf. Appl. Comput. Vis. (WACV),2020,no,included,
masry2022chartqa,ChartQA: A Benchmark for Question Answering about Charts with Visual and Logical Reasoning,"Masry, Ahmed and Long, Do Xuan and Tan, Jia Qing and Joty, Shafiq and Hoque, Enamul",Findings of ACL,2022,no,included,
wangcharxiv2024,CharXiv: Charting Gaps in Realistic Chart Understanding in Multimodal LLMs,"Wang, Zirui and Xia, Mengzhou and He, Luxi and Chen, Howard and Liu, Yitao and Zhu, Richard and others",Adv. Neural Inf. Process. Syst. (NeurIPS),2024,no,included,
masry-etal-2024-chartinstruct,ChartInstruct: Instruction Tuning for Chart Comprehension and Reasoning,"Masry, Ahmed and Shahmohammadi, Mehrad and Parvez, Md Rizwan and others",Findings of ACL,2024,no,included,
chen2024onechart,OneChart: Purify the Chart Structural Extraction via One Auxiliary Token,"Chen, Jinyue and Kong, Lingyu and Wei, Haoran and Liu, Chenglong and Ge, Zheng and Zhao, Liang and others",Proc. ACM Int. Conf. Multimedia (ACM MM),2024,no,included,
xuchartmoe2025,ChartMoE: Mixture of Diversely Aligned Expert Connector for Chart Understanding,"Xu, Zhengzhuo and Qu, Bowen and Qi, Yiyan and Du, SiNan and Xu, Chengjin and Yuan, Chun and others",Proc. Int. Conf. Learning Representations (ICLR),2025,no,included,
chen2025charthqa,Chart-HQA: A Benchmark for Hypothetical Question Answering in Charts,"Chen, Xiangnan and Fang, Yuancheng and Xiao, Qian and Li, Juncheng and Lin, Jun and Tang, Siliang and Yang, Yi and Zhuang, Yueting",Proc. ACM Int. Conf. Multimedia (ACM MM),2025,no,included,
chen-etal-2025-unmasking,Unmasking Deceptive Visuals: Benchmarking Multimodal Large Language Models on Misleading Chart Question Answering,"Chen, Zixin and Song, Sicheng and Shum, KaShun and others",Proc. Conf. Empirical Methods Natural Language Process. (EMNLP),2025,no,included,
chan2000mathrecognition,Mathematical Expression Recognition: A Survey,"Chan, Kam-Fai and Yeung, Dit-Yan",Int. J. Document Analysis and Recognition (IJDAR),2000,no,included,
zanibbi2012mathretrieval,Recognition and Retrieval of Mathematical Expressions,"Zanibbi, Richard and Blostein, Dorothea",Int. J. Document Analysis and Recognition (IJDAR),2012,no,included,
aizawa2013ntcir10math,NTCIR-10 Math Pilot Task Overview,"Aizawa, Akiko and Kohlhase, Michael and Ounis, Iadh",Proc. NTCIR-10,2013,no,included,
zanibbi2016ntcir12mathir,NTCIR-12 MathIR Task Overview,"Zanibbi, Richard and Aizawa, Akiko and Kohlhase, Michael and Ounis, Iadh and Topic, Goran and Davila, Kenny",Proc. NTCIR-12,2016,no,included,
zanibbi2016multistagemath,Multi-Stage Math Formula Search: Using Appearance-Based Similarity Metrics at Scale,"Zanibbi, Richard and Davila, Kenny and Kane, Andrew and Tompa, Frank Wm.",Proc. Int. ACM SIGIR Conf. Res. Develop. Inf. Retrieval,2016,no,included,
wang2024unimernet,UniMERNet: A Universal Network for Real-World Mathematical Expression Recognition,"Wang, Bin and Gu, Zhuangcheng and Liang, Guang and Xu, Chao and Zhang, Bo and Shi, Botian and He, Conghui",arXiv preprint arXiv:2404.15254,2024,yes,included,
blechernougat2024,Nougat: Neural Optical Understanding for Academic Documents,"Blecher, Lukas and Cucurull, Guillem and Scialom, Thomas and Stojnic, Robert",Proc. Int. Conf. Learning Representations (ICLR),2024,no,included,
cdm2025,Image Over Text: Transforming Formula Recognition Evaluation with Character Detection Matching,"Wang, Bin and Wu, Fan and Ouyang, Linke and Gu, Zhuangcheng and Zhang, Rui and Xia, Renqiu and Shi, Botian and Zhang, Bo and He, Conghui",Proc. IEEE/CVF Conf. Comput. Vis. Pattern Recognit. (CVPR),2025,no,included,
jaume2019funsd,FUNSD: A Dataset for Form Understanding in Noisy Scanned Documents,"Jaume, Guillaume and Ekenel, Hazim Kemal and Thiran, Jean-Philippe",Proc. ICDAR Workshops,2019,no,included,
huang2019sroie,ICDAR2019 Competition on Scanned Receipt OCR and Information Extraction,"Huang, Zheng and Chen, Kai and He, Jianhua and Bai, Xiang and Karatzas, Dimosthenis and Lu, Shijian and others",Proc. Int. Conf. Document Analysis and Recognition (ICDAR),2019,no,included,
lee2022formnet,FormNet: Structural Encoding beyond Sequential Modeling in Form Document Information Extraction,"Lee, Chen-Yu and Li, Chun-Liang and Dozat, Timothy and Perot, Vincent and Su, Guolong and Hua, Nan and others",Proc. Annu. Meeting Assoc. Comput. Linguistics (ACL),2022,no,included,
perot-etal-2024-lmdx,LMDX: Language Model-based Document Information Extraction and Localization,"Perot, Vincent and Kang, Kai and Luisier, Florian and others",Findings of ACL,2024,no,included,
masrfund2024,SRFUND: A Multi-Granularity Hierarchical Structure Reconstruction Benchmark in Form Understanding,"Ma, Jiefeng and Wang, Yan and Liu, Chenyu and Du, Jun and Hu, Yu and Zhang, Zhenrong and others",Adv. Neural Inf. Process. Syst. (NeurIPS),2024,no,included,
ji-etal-2026-unikie,UNIKIE-BENCH: Benchmarking Large Multimodal Models for Key Information Extraction in Visual Documents,"Ji, Yifan and Xu, Zhipeng and Liu, Zhenghao and others",Proc. Annu. Meeting Assoc. Comput. Linguistics (ACL),2026,no,included,
nandedkar2016spods,"SPODS: A Dataset of Color-Official Documents and Detection of Logo, Stamp, and Signature","Nandedkar, Abhijit and Mukherjee, Jayanta and Sural, Shamik",Proc. ICVGIP Satellite Workshops,2017,no,included,
younas2017dstar,D-StaR: A Generic Method for Stamp Segmentation from Document Images,"Younas, Junaid and Afzal, Muhammad Zeshan and Malik, Muhammad Imran and Shafait, Faisal and Lukowicz, Paul and Ahmed, Sheraz",Proc. Int. Conf. Document Analysis and Recognition (ICDAR),2017,no,included,
mandal2011signaturecrf,Signature Segmentation from Machine Printed Documents Using Conditional Random Field,"Mandal, Ranju and Roy, Partha Pratim and Pal, Umapada",Proc. Int. Conf. Document Analysis and Recognition (ICDAR),2011,no,included,
nandedkar2015textgraphics,Text-Graphics Separation to Detect Logo and Stamp from Color Document Images: A Spectral Approach,"Nandedkar, Abhijit and Mukhopadhyay, Jayanta and Sural, Shamik",Proc. Int. Conf. Document Analysis and Recognition (ICDAR),2015,no,included,
ju2025dkds,DKDS: A Benchmark Dataset of Degraded Kuzushiji Documents with Seals for Detection and Binarization,Ju and Yamashita and Kameko and Mori,arXiv preprint arXiv:2511.09117,2025,yes,included,
zramdini1998fontrecognition,Optical Font Recognition Using Typographical Features,"Zramdini, Abdelwahab and Ingold, Rolf",IEEE Trans. Pattern Anal. Mach. Intell.,1998,no,included,
marinai2006fontadaptive,Font Adaptive Word Indexing of Modern Printed Documents,"Marinai, Simone and Marino, Emanuele and Soda, Giovanni",IEEE Trans. Pattern Anal. Mach. Intell.,2006,no,included,
wang2015deepfont,DeepFont: Identify Your Font from an Image,"Wang, Zhangyang and Yang, Jianchao and Jin, Hailin and Shechtman, Eli and Agarwala, Aseem and Brandt, Jonathan and others",Proc. ACM Int. Conf. Multimedia (ACM MM),2015,no,included,
tsuji2021fontusagetrends,Using Robust Regression to Find Font Usage Trends,"Tsuji and Uchida, Seiichi and Iwana, Brian Kenji",Proc. ICDAR Workshops,2021,no,included,
yasukochi2023fontstyleusage,Analyzing Font Style Usage and Contextual Factors in Real Images,"Yasukochi, Naoya and Hayashi, Hideaki and Haraguchi, Daichi and Uchida, Seiichi",Proc. Int. Conf. Document Analysis and Recognition (ICDAR),2023,no,included,
textar2025,TexTAR: Textual Attribute Recognition in Multi-domain and Multi-lingual Document Images,Anonymous,arXiv preprint arXiv:2509.13151,2025,yes,included,
gunther2024latechunking,Late Chunking: Contextual Chunk Embeddings Using Long-Context Embedding Models,"G\""unther, Michael and Mohr, Isabelle and Wang, Bo and Xiao, Han",arXiv preprint arXiv:2409.04701,2024,yes,included,
jimenoyepes2024financialchunking,Financial Report Chunking for Effective Retrieval Augmented Generation,"Jimeno-Yepes, Antonio and You, Yao and Milczek, Jan and Laverde, Sebastian and Li, Renyu",arXiv preprint arXiv:2402.05131,2024,yes,included,
visualchunk2025,Vision-Guided Chunking Is All You Need,Tripathi and Odapally and Das and Allu and Ahmed,arXiv preprint arXiv:2506.16035,2025,yes,included,
qin2026semanticlayoutchunking,Enhancing RAG System Performance Through Semantic Layout Chunking,Qin and Sun and French and Liu,Proc. Int. Conf. Artificial Intelligence,2026,no,included,
qu2025semanticchunking,On the Effectiveness of Semantic Chunking,"Qu, Renyi and others",Findings of NAACL,2025,no,included,
hichunk2025,HiChunk: Hierarchical Document Chunking,Anonymous,arXiv preprint arXiv:2509.11552,2025,yes,included,
duarte2024lumberchunker,LumberChunker: Long-Form Narrative Document Segmentation,"Duarte, Andr\'e V. and others",arXiv preprint arXiv:2406.17526,2024,yes,included,
zhoubeyond2026,Beyond Chunk-Then-Embed: A Comprehensive Taxonomy and Evaluation of Document Chunking Strategies for Information Retrieval,"Zhou, Yongjie and Wang, Shuai and Koopman, Bevan and Zuccon, Guido",Proc. Int. ACM SIGIR Conf. Res. Develop. Inf. Retrieval,2026,no,included,
bruch2024fusionfunctions,An Analysis of Fusion Functions for Hybrid Retrieval,"Bruch, Sebastian and Gai, Siyu and Ingber, Amir",ACM Trans. Inf. Syst.,2024,no,included,
zongtowards2025,Towards Lossless Token Pruning in Late-Interaction Retrieval Models,"Zong, Yuxuan and Piwowarski, Benjamin",Proc. Int. ACM SIGIR Conf. Res. Develop. Inf. Retrieval,2025,no,included,
schlattcomparing2026,Comparing Token Pruning Approaches for Multi-Vector Retrieval,"Schlatt, Ferdinand and Barschel, Hanno and Hagen, Matthias",Proc. Int. ACM SIGIR Conf. Res. Develop. Inf. Retrieval,2026,no,included,
kankanampatia2026,A Voronoi Cell Formulation for Principled Token Pruning in Late-Interaction Retrieval Models,"Kankanampati, Yash and Zong, Yuxuan and Tomeh, Nadi and Piwowarski, Benjamin and Le Roux, Joseph",Proc. Int. ACM SIGIR Conf. Res. Develop. Inf. Retrieval,2026,no,included,
scheererwarp2025,WARP: An Efficient Engine for Multi-Vector Retrieval,"Scheerer, Jan Luca and Zaharia, Matei and Potts, Christopher and Alonso, Gustavo and Khattab, Omar",Proc. Int. ACM SIGIR Conf. Res. Develop. Inf. Retrieval,2025,no,included,
yangcolbertsar2026,ColBERTSaR: Sparsified ColBERT Index via Product Quantization,"Yang, Eugene and Yates, Andrew and Lawrie, Dawn J. and Mayfield, James and Samuel, Saron and Jha, Rohan",Proc. Int. ACM SIGIR Conf. Res. Develop. Inf. Retrieval,2026,no,included,
macdonalda2026,A Replicability Study of Joint Product Quantisation for Effective Space-Efficient Dense Retrieval,"Macdonald, Craig and Shen, Zhlli and Tonellotto, Nicola",Proc. Int. ACM SIGIR Conf. Res. Develop. Inf. Retrieval,2026,no,included,
xiaometaembed2026,MetaEmbed: Scaling Multimodal Retrieval at Test-Time with Flexible Late Interaction,"Xiao, Zilin and Ma, Qi and Gu, Mengting and Chen, Chun-cheng and Chen, Xintao and Ordonez, Vicente and others",Proc. Int. Conf. Learning Representations (ICLR),2026,no,included,
xiangwhen2026,When to Use Graphs in RAG: A Comprehensive Analysis for Graph Retrieval-Augmented Generation,"Xiang, Zhishang and Wu, Chuanjie and Zhang, Qinggang and Chen, Shengyuan and Hong, Zijin and Huang, Xiao and others",Proc. Int. Conf. Learning Representations (ICLR),2026,no,included,
huiterative2026,Iterative Multi-Granular RAG with Contextual Hierarchical Graph,"Hu, Yanli and Liu, Teng and Zhou, Zhuangyi and Zeng, Weixin and Tan, Zhen and Zhao, Xiang",Proc. AAAI Conf. Artificial Intelligence,2026,no,included,
zhangbridging2025,Bridging Modalities: Improving Universal Multimodal Retrieval by Multimodal Large Language Models,"Zhang, Xin and Zhang, Yanzhao and Xie, Wen and Li, Mingxin and Dai, Ziqi and Long, Dingkun and others",Proc. IEEE/CVF Conf. Comput. Vis. Pattern Recognit. (CVPR),2025,no,included,
ma2024dse,Unifying Multimodal Retrieval via Document Screenshot Embedding,"Ma, Xueguang and Lin, Sheng-Chieh and Li, Minghan and Chen, Wenhu and Lin, Jimmy",Proc. Conf. Empirical Methods Natural Language Process. (EMNLP),2024,no,included,
fayssecolpali2025,ColPali: Efficient Document Retrieval with Vision Language Models,"Faysse, Manuel and Sibille, Hugues and Wu, Tony and Omrani, Bilel and Viaud, Gautier and Hudelot, C\'eline and others",Proc. Int. Conf. Learning Representations (ICLR),2025,no,included,
yuvisrag2025,VisRAG: Vision-based Retrieval-augmented Generation on Multi-modality Documents,"Yu, Shi and Tang, Chaoyue and Xu, Bokai and Cui, Junbo and Ran, Junhao and Yan, Yukun and others",Proc. Int. Conf. Learning Representations (ICLR),2025,no,included,
tanakavdocrag2025,VDocRAG: Retrieval-Augmented Generation over Visually-Rich Documents,"Tanaka, Ryota and Iki, Taichi and Hasegawa, Taku and Nishida, Kyosuke and Saito, Kuniko and Suzuki, Jun",Proc. IEEE/CVF Conf. Comput. Vis. Pattern Recognit. (CVPR),2025,no,included,
chensvrag2025,SV-RAG: LoRA-Contextualizing Adaptation of MLLMs for Long Document Understanding,"Chen, Jian and Zhang, Ruiyi and Zhou, Yufan and Yu, Tong and Dernoncourt, Franck and Gu, Jiuxiang and others",Proc. Int. Conf. Learning Representations (ICLR),2025,no,included,
cho2024m3docvqa,M3DocRAG: Multi-modal Retrieval is What You Need for Multi-page Multi-document Understanding,"Cho, Jaemin and Mahata, Debanjan and Irsoy, Ozan and He, Yujie and Bansal, Mohit",arXiv preprint arXiv:2411.04952,2024,yes,included,
suri2025visdom,VisDoM: Multi-Document QA with Visually Rich Elements Using Multimodal Retrieval-Augmented Generation,"Suri, Manan and Mathur, Puneet and Dernoncourt, Franck and Goswami, Kanika and Rossi, Ryan A. and Manocha, Dinesh",Proc. Conf. North American Chapter Assoc. Comput. Linguistics (NAACL),2025,no,included,
wang-etal-2025-vidorag,ViDoRAG: Visual Document Retrieval-Augmented Generation via Dynamic Iterative Reasoning Agents,"Wang, Qiuchen and Ding, Ruixue and Chen, Zehui and Wu, Weiqi and Wang, Shihang and Xie, Pengjun and Zhao, Feng",Proc. Conf. Empirical Methods Natural Language Process. (EMNLP),2025,no,included,
liregionrag2026,RegionRAG: Region-level Retrieval-Augmented Generation for Visual Document Understanding,"Li, Yinglu and Lu, Zhiying and Liu, Zhihang and Sun, Yiwei and Liu, Chuanbin and Xie, Hongtao",Proc. AAAI Conf. Artificial Intelligence,2026,no,included,
ma-etal-2025-visa,VISA: Retrieval Augmented Generation with Visual Source Attribution,"Ma, Xueguang and Zhuang, Shengyao and Koopman, Bevan and others",Proc. Annu. Meeting Assoc. Comput. Linguistics (ACL),2025,no,included,
wangregionslm2026,RegionSLM: Region-aware Question Answering on Document Screenshots,"Wang, Chao and Fan, Hehe and Yang, Huichen and Karimi, Sarvnaz and Yao, Lina and Yang, Yi",Proc. Int. ACM SIGIR Conf. Res. Develop. Inf. Retrieval,2026,no,included,
vennam3grounder2026,M3Grounder: Mask-Based Multi-Span and Multi-Granular Grounding for Document QA,"Venna, Venkata Kesav and Gunda, Sai Madhusudan and Jinka, Jyothi Swaroopa and Rachakonda, Hrithik Sagar and Srinivasan, Anirudh and Sarvadevabhatla, Ravi Kiran",Proc. IEEE/CVF Conf. Comput. Vis. Pattern Recognit. (CVPR),2026,no,included,
yuvisual2026,Visual Document Understanding and Reasoning: A Multi-Agent Collaboration Framework with Agent-Wise Adaptive Test-Time Scaling,"Yu, Xinlei and Xu, Chengming and Chen, Zhangquan and Zhang, Yudong and Lu, Shilin and Yang, Cheng and others",Proc. IEEE/CVF Conf. Comput. Vis. Pattern Recognit. (CVPR),2026,no,included,
liulook2026,Look as You Think: Unifying Reasoning and Visual Evidence Attribution for Verifiable Document RAG via Reinforcement Learning,"Liu, Shuochen and Luo, Pengfei and Zhang, Chao and Chen, Yuhao and Zhang, Haotian and Liu, Qi and others",Proc. AAAI Conf. Artificial Intelligence,2026,no,included,
sourati-etal-2026-lad,LAD-RAG: Layout-aware Dynamic RAG for Visually-Rich Document Understanding,"Sourati, Zhivar and Wang, Zheng and Liu, Marianne Menglin and others",Proc. Annu. Meeting Assoc. Comput. Linguistics (ACL),2026,no,included,
ju-etal-2025-mire,MIRe: Enhancing Multimodal Queries Representation via Fusion-Free Modality Interaction for Multimodal Retrieval,"Ju, Yeong-Joon and Kim, Ho-Joong and Lee, Seong-Whan",Proc. Annu. Meeting Assoc. Comput. Linguistics (ACL),2025,no,included,
zeng-etal-2025-enhancing,Enhancing Multimodal Retrieval via Complementary Information Extraction and Alignment,"Zeng, Delong and Xie, Yuexiang and Li, Yaliang and others",Proc. Annu. Meeting Assoc. Comput. Linguistics (ACL),2025,no,included,
tian-etal-2025-core,CoRe-MMRAG: Cross-Source Knowledge Reconciliation for Multimodal RAG,"Tian, Yang and Liu, Fan and Zhang, Jingyuan and others",Proc. Annu. Meeting Assoc. Comput. Linguistics (ACL),2025,no,included,
zhugood2026,Good Ranks Follow Good Answers: Unsupervised Answer-Driven Reranking for Multimodal Document QA,"Zhu, Keyu and Shen, Shuanghong and Wang, Xianquan and Zhang, Kai and Wang, Shijin and Liu, Qi and others",Proc. Int. ACM SIGIR Conf. Res. Develop. Inf. Retrieval,2026,no,included,
wang-etal-2025-infogain,InfoGain-RAG: Boosting Retrieval-Augmented Generation through Document Information Gain-based Reranking and Filtering,"Wang, Zihan and Liang, Zihan and Shao, Zhou and others",Proc. Conf. Empirical Methods Natural Language Process. (EMNLP),2025,no,included,
sundynamicrag2025,DynamicRAG: Leveraging Outputs of Large Language Model as Feedback for Dynamic Reranking in Retrieval-Augmented Generation,"Sun, Jiashuo and Zhong, Xianrui and Zhou, Sizhe and Han, Jiawei",Adv. Neural Inf. Process. Syst. (NeurIPS),2025,no,included,
yurankrag2024,RankRAG: Unifying Context Ranking with Retrieval-Augmented Generation in LLMs,"Yu, Yue and Ping, Wei and Liu, Zihan and Wang, Boxin and You, Jiaxuan and Zhang, Chao and others",Adv. Neural Inf. Process. Syst. (NeurIPS),2024,no,included,
wangmaferw2025,MaFeRw: Query Rewriting with Multi-Aspect Feedbacks for Retrieval-Augmented Large Language Models,"Wang, Yujing and Zhang, Hainan and Pang, Liang and Guo, Binghui and Zheng, Hongwei and Zheng, Zhiming",Proc. AAAI Conf. Artificial Intelligence,2025,no,included,
mengsuit2026,Suit the Remedy to the Retriever: Interpretable Query Optimization with Retriever Preference Alignment for Vision-Language Retrieval,"Meng, Guanghao and Wang, Jinpeng and Zhu, Jieming and Zhang, Letian and Jiang, Yong and Zhao, Dan and others",Proc. AAAI Conf. Artificial Intelligence,2026,no,included,
uzanguided2026,Guided Query Refinement: Multimodal Hybrid Retrieval with Test-Time Optimization,"Uzan, Omri and Yehudai, Asaf and Pony, Roi and Shnarch, Eyal and Gera, Ariel",Proc. Int. Conf. Learning Representations (ICLR),2026,no,included,
parkhierarchical2024,Hierarchical Visual Feature Aggregation for OCR-Free Document Understanding,"Park, Jaeyoo and Choi, Jin Young and Park, Jeonghyung and Han, Bohyung",Adv. Neural Inf. Process. Syst. (NeurIPS),2024,no,included,
zhangdockylin2025,DocKylin: A Large Multimodal Model for Visual Document Understanding with Efficient Visual Slimming,"Zhang, Jiaxin and Yang, Wentao and Lai, Songxuan and Xie, Zecheng and Jin, Lianwen",Proc. AAAI Conf. Artificial Intelligence,2025,no,included,
chenefficient2024,Efficient Large Multi-modal Models via Visual Context Compression,"Chen, Jieneng and Ye, Luoxin and He, Ju and Wang, Zhao-Yang and Khashabi, Daniel and Yuille, Alan",Adv. Neural Inf. Process. Syst. (NeurIPS),2024,no,included,
wen-etal-2025-token,Token Pruning in Multimodal Large Language Models: Are We Solving the Right Problem?,"Wen, Zichen and Gao, Yifeng and Li, Weijia and others",Proc. Annu. Meeting Assoc. Comput. Linguistics (ACL),2025,no,included,
liao-etal-2026-using,Are We Using the Right Benchmark: An Evaluation Framework for Visual Token Compression Methods,"Liao, Chenfei and Wang, Wensong and Wen, Zichen and others",Proc. Annu. Meeting Assoc. Comput. Linguistics (ACL),2026,no,included,
niu-etal-2024-ragtruth,RAGTruth: A Hallucination Corpus for Developing Trustworthy Retrieval-Augmented Language Models,"Niu, Cheng and Wu, Yuanhao and Zhu, Juno and others",Proc. Annu. Meeting Assoc. Comput. Linguistics (ACL),2024,no,included,
sunredeep2025,ReDeEP: Detecting Hallucination in Retrieval-Augmented Generation via Mechanistic Interpretability,"Sun, Zhongxiang and Zang, Xiaoxue and Zheng, Kai and Xu, Jun and Zhang, Xiao and Yu, Weijie and others",Proc. Int. Conf. Learning Representations (ICLR),2025,no,included,
songmeasuring2025,Measuring and Enhancing Trustworthiness of LLMs in RAG through Grounded Attributions and Learning to Refuse,"Song, Maojia and Sim, Shang Hong and Bhardwaj, Rishabh and Chieu, Hai Leong and Majumder, Navonil and Poria, Soujanya",Proc. Int. Conf. Learning Representations (ICLR),2025,no,included,
mathew2021docvqa,DocVQA: A Dataset for VQA on Document Images,"Mathew, Minesh and Karatzas, Dimosthenis and Jawahar, C. V.",Proc. IEEE/CVF Winter Conf. Appl. Comput. Vis. (WACV),2021,no,included,
mathew2022infovqa,InfographicVQA,"Mathew, Minesh and Bagal, Viraj and Tito, Rub\`en and Karatzas, Dimosthenis and Valveny, Ernest and Jawahar, C. V.",Proc. IEEE/CVF Winter Conf. Appl. Comput. Vis. (WACV),2022,no,included,
tanaka2021visualmrc,VisualMRC: Machine Reading Comprehension on Document Images,"Tanaka, Ryota and Nishida, Kyosuke and Yoshida, Sen",Proc. AAAI Conf. Artificial Intelligence,2021,no,included,
zhu2022tatdqa,Towards Complex Document Understanding by Discrete Reasoning,"Zhu, Fengbin and Lei, Wenqiang and Feng, Fuli and Wang, Chao and Zhao, Haozhou and Chua, Tat-Seng",Proc. ACM Int. Conf. Multimedia (ACM MM),2022,no,included,
tanaka2023slidevqa,SlideVQA: A Dataset for Document Visual Question Answering on Multiple Images,"Tanaka, Ryota and Nishida, Kyosuke and Nishida, Kosuke and Hasegawa, Taku and Saito, Itsumi and Saito, Kuniko",Proc. AAAI Conf. Artificial Intelligence,2023,no,included,
vanlandeghem2023dude,Document Understanding Dataset and Evaluation (DUDE),"Van Landeghem, Jordy and Tito, Rub\`en and Borchmann, Lukasz and Pietruszka, Michal and Joziak, Pawel and Powalski, Rafal and others",Proc. IEEE/CVF Int. Conf. Comput. Vis. (ICCV),2023,no,included,
tito2023mpdocvqa,Hierarchical Multimodal Transformers for Multipage DocVQA,"Tito, Rub\`en and Karatzas, Dimosthenis and Valveny, Ernest",Pattern Recognition,2023,no,included,
li2024arxivqa,Multimodal ArXiv: A Dataset for Improving Scientific Comprehension of Large Vision-Language Models,"Li, Lei and Wang, Yuqi and Xu, Runxin and Wang, Peiyi and Feng, Xiachong and Kong, Lingpeng and others",arXiv preprint arXiv:2403.00231,2024,yes,included,
pramanickspiqa2024,SPIQA: A Dataset for Multimodal Question Answering on Scientific Papers,"Pramanick, Shraman and Chellappa, Rama and Venugopalan, Subhashini",Adv. Neural Inf. Process. Syst. (NeurIPS),2024,no,included,
mammlongbenchdoc2024,MMLongBench-Doc: Benchmarking Long-context Document Understanding with Visualizations,"Ma, Yubo and Zang, Yuhang and Chen, Liangyu and Chen, Meiqi and Jiao, Yizhu and Li, Xinze and others",Adv. Neural Inf. Process. Syst. (NeurIPS),2024,no,included,
huiuda2024,UDA: A Benchmark Suite for Retrieval Augmented Generation in Real-World Document Analysis,"Hui, Yulong and Lu, Yao and Zhang, Huanchen",Adv. Neural Inf. Process. Syst. (NeurIPS) Datasets and Benchmarks Track,2024,no,included,
suri2025visdombench,VisDoMBench: A Benchmark for Multi-Document QA with Visually Rich Elements,"Suri, Manan and Mathur, Puneet and Dernoncourt, Franck and Goswami, Kanika and Rossi, Ryan A. and Manocha, Dinesh",Proc. Conf. North American Chapter Assoc. Comput. Linguistics (NAACL),2025,no,included,
wang2025vidoseek,ViDoSeek: A Benchmark for Visual Document Retrieval and Reasoning,"Wang, Qiuchen and Ding, Ruixue and Chen, Zehui and Wu, Weiqi and Wang, Shihang and Xie, Pengjun and Zhao, Feng",arXiv preprint arXiv:2502.18017,2025,yes,included,
macevidorev22025,ViDoRe Benchmark v2: Raising the Bar for Visual Retrieval,"Mac\'e, Quentin and Loison, Ant\'onio and Faysse, Manuel",arXiv preprint arXiv:2505.17166,2025,yes,included,
loison2026vidorev3,ViDoRe V3: A Comprehensive Evaluation of Retrieval Augmented Generation in Complex Real-World Scenarios,"Loison, Ant\'onio and Mac\'e, Quentin and Edy, Antoine and Xing, Victor and Balough, Tom and Moreira, Gabriel de Souza P. and Liu, Bo and Faysse, Manuel and Hudelot, C\'eline and Viaud, Gautier",Proc. Annu. Meeting Assoc. Comput. Linguistics (ACL),2026,no,included,
unidocbench2025,UniDoc-Bench: A Unified Benchmark for Document-Centric Multimodal RAG,"Peng, Xiangyu and Qin, Can and Chen, Zeyuan and Xu, Ran and Xiong, Caiming and Wu, Chien-Sheng",arXiv preprint arXiv:2510.03663,2025,yes,included,
visrbench2025,VisR-Bench: An Empirical Study on Visual Retrieval-Augmented Generation for Multilingual Long Document Understanding,"Chen, Jian and Li, Ming and Kil, Jihyung and Wang, Chenguang and Yu, Tong and Rossi, Ryan A. and Zhou, Tianyi and Chen, Changyou and Zhang, Ruiyi",arXiv preprint arXiv:2508.07493,2025,yes,included,
bboxdocvqa2025,BBox-DocVQA: Bounding-Box Grounded Document VQA,Anonymous,arXiv preprint arXiv:2511.15090,2025,yes,included,
finragbenchv2025,FinRAGBench-V: A Benchmark for Multimodal RAG in Finance,Anonymous,arXiv preprint arXiv:2505.17471,2025,yes,included,
wasserman-etal-2025-real,REAL-MM-RAG: A Real-World Multi-Modal Retrieval Benchmark,"Wasserman, Navve and Pony, Roi and Naparstek, Oshri and others",Proc. Annu. Meeting Assoc. Comput. Linguistics (ACL),2025,no,included,
dong-etal-2025-mmdocir,MMDocIR: Benchmarking Multimodal Retrieval for Long Documents,"Dong, Kuicai and Chang, Yujing and Goh Xin Deik, Derrick and others",Proc. Conf. Empirical Methods Natural Language Process. (EMNLP),2025,no,included,
ouyangomnidocbench2025,OmniDocBench: Benchmarking Diverse PDF Document Parsing with Comprehensive Annotations,"Ouyang, Linke and Qu, Yuan and Zhou, Hongbin and Zhu, Jiawei and Zhang, Rui and Lin, Qunshu and Wang, Bin and Liu, Zhiyuan and Li, Minghao and Xu, Chao and Zhang, Bo and Shi, Botian and Tu, Zhongying and He, Conghui",Proc. IEEE/CVF Conf. Comput. Vis. Pattern Recognit. (CVPR),2025,no,included,
song2026ocrquality,Defining the Problem: The Impact of OCR Quality on Retrieval-Augmented Generation Performance and Strategies for Improvement,"Song, Minchae",Information Processing \& Management,2026,no,included,
sun-etal-2026-good,When Good OCR Is Not Enough: Benchmarking OCR Robustness for Retrieval-Augmented Generation,"Sun, Lin and Huang, Jingang and Zhang, Linglin and Jia, Change and Cheng, Zhengwei and Zhang, Xiangzheng","Proc. Annu. Meeting Assoc. Comput. Linguistics (ACL), Industry Track",2026,no,included,
zhangocr2025,OCR Hinders RAG: Evaluating the Cascading Impact of OCR,"Zhang, Junyuan and Zhang, Qintong and Wang, Bin and Ouyang, Linke and Wen, Zichen and Li, Ying and Chow, Ka-Ho and He, Conghui and Zhang, Wentao",Proc. IEEE/CVF Int. Conf. Comput. Vis. (ICCV),2025,no,included,
gao-etal-2026-strunrag,StruNRAG: Evaluation of OCR-Induced Structural Noise on RAG Robustness,"Gao, Mengna and Yin, Dapeng and Zhu, Shuyue and others",Proc. Annu. Meeting Assoc. Comput. Linguistics (ACL),2026,no,included,
singh2026devanagariocr,Can OCR-VLMs Read Devanagari? A Stress-Test Benchmark and Post-Correction Study,Singh,arXiv preprint arXiv:2606.29213,2026,yes,included,
bhat2026savior,SAVIOR: Sample-efficient Adaptation of Vision-Language Models for OCR Representation,"Bhat, Akshata A. and Naganna, S. and Haq, Saiful and Khatri, P. and Tamataam, K. C. R. and Arun, N. and others",Proc. IEEE/CVF Winter Conf. Appl. Comput. Vis. Workshops (WACVW),2026,no,included,
zhou2026emorag,EmoRAG: Evaluating RAG Robustness to Symbolic Perturbations,"Zhou, Xiaoyu and Li, Xin and Peng, Yifan and Xu, Ming and Zhang, Xiang and Yu, Ming and others",Proc. ACM SIGKDD Int. Conf. Knowledge Discovery and Data Mining,2026,no,included,
napolitanobenchmarking2026,Benchmarking Visual LLMs Resilience to Unanswerable Questions on Visually Rich Documents,"Napolitano, Davide and Cagliero, Luca and Battiloro, Fabrizio",Proc. AAAI Conf. Artificial Intelligence,2026,no,included,
zhangqerag2026,QE-RAG: A Robust Retrieval-Augmented Generation Benchmark for Query Entry Errors,"Zhang, Kepu and Sun, Zhongxiang and Yu, Weijie and Zang, Xiaoxue and Zheng, Kai and Song, Yang and others",Proc. Int. ACM SIGIR Conf. Res. Develop. Inf. Retrieval,2026,no,included,
salemievaluating2024,Evaluating Retrieval Quality in Retrieval-Augmented Generation,"Salemi, Alireza and Zamani, Hamed",Proc. Int. ACM SIGIR Conf. Res. Develop. Inf. Retrieval,2024,no,included,
cuconasuthe2024,The Power of Noise: Redefining Retrieval for RAG Systems,"Cuconasu, Florin and Trappolini, Giovanni and Siciliano, Federico and Filice, Simone and Campagnano, Cesare and Maarek, Yoelle and others",Proc. Int. ACM SIGIR Conf. Res. Develop. Inf. Retrieval,2024,no,included,
lilong2025,Long Context vs. RAG: Strategies for Processing Long Documents in LLMs,"Li, Xinze and Bai, Yushi and Jin, Bowen and Zhu, Fengbin and Pan, Liangming and Cao, Yixin",Proc. Int. ACM SIGIR Conf. Res. Develop. Inf. Retrieval,2025,no,included,
jinlongcontext2025,Long-Context LLMs Meet RAG: Overcoming Challenges for Long Inputs in RAG,"Jin, Bowen and Yoon, Jinsung and Han, Jiawei and Arik, Sercan",Proc. Int. Conf. Learning Representations (ICLR),2025,no,included,
yueinference2025,Inference Scaling for Long-Context Retrieval Augmented Generation,"Yue, Zhenrui and Zhuang, Honglei and Bai, Aijun and Hui, Kai and Jagerman, Rolf and Zeng, Hansi and others",Proc. Int. Conf. Learning Representations (ICLR),2025,no,included,
levy-etal-2025-documents,"More Documents, Same Length: Isolating the Challenge of Multiple Documents in RAG","Levy, Shahar and Mazor, Nir and Shalmon, Lihi and others",Proc. Conf. Empirical Methods Natural Language Process. (EMNLP),2025,no,included,
tang2025mtvqa,MTVQA: Benchmarking Multilingual Text-Centric Visual Question Answering,"Tang, Jingqun and Liu, Qi and Ye, Yongjie and Lu, Jinghui and Wei, Shu and Lin, Chunhui and others",Findings of ACL,2025,no,included,
osmulski2025miraclvision,"MIRACL-VISION: A Large, Multilingual, Visual Document Retrieval Benchmark","Osmulski, Radek and Moreira, Gabriel de Souza P. and Ak, Ronay and Xu, Mengyao and Schifferer, Benedikt and Oldridge, Even",arXiv preprint arXiv:2505.11651,2025,yes,included,
indicvisionbench2026,IndicVisionBench: A Multimodal Benchmark for Indic Languages,Anonymous,Proc. Int. Conf. Learning Representations (ICLR),2026,no,included,
nath2025indicdlp,IndicDLP: A Foundational Dataset for Multi-lingual and Multi-domain Document Layout Parsing,"Nath, Oikantik and Kukkala, Sahithi and Khapra, Mitesh M. and Sarvadevabhatla, Ravi Kiran",Proc. Int. Conf. Document Analysis and Recognition (ICDAR),2025,no,included,
vijayan2025indicstr,Scene Text Recognition: An Indic Perspective,"Vijayan, Vishal P. and Chanda, Sukalpa and Doermann, David S. and Krishnan, Narayanan C.",Int. J. Document Analysis and Recognition (IJDAR),2025,no,included,
liu2026m3d,"M$^3$D: A Multimodal, Multilingual and Multitask Dataset for Grounded Document-Level Information Extraction","Liu, Jiang and Li, Bobo and Yang, Xinran and Yang, Na and Fei, Hao and Zhang, Mingyao and others",IEEE Trans. Pattern Anal. Mach. Intell.,2026,no,included,
yueseavision2026,SEA-Vision: A Multilingual Benchmark for Comprehensive Document and Scene Text Understanding in Southeast Asia,"Yue, Pengfei and Zhao, Xingran and Chen, Juntao and Hou, Peng and Longchao, Wang and Lin, Jianghang and others",Proc. IEEE/CVF Conf. Comput. Vis. Pattern Recognit. (CVPR),2026,no,included,
anugraham4rag2026,M4-RAG: A Massive-Scale Multilingual Multi-Cultural Multimodal RAG,"Anugraha, David and Irawan, Patrick Amadeus and SinghAnshul and Lee, En-Shiun Annie and Winata, Genta Indra",Proc. IEEE/CVF Conf. Comput. Vis. Pattern Recognit. (CVPR),2026,no,included,
qi2024roravlm,RoRA-VLM: Robust Retrieval Augmentation for Vision Language Models,"Qi, Jingyuan and others",arXiv preprint arXiv:2410.08876,2024,yes,included,
sun2024surf,SURf: Teaching Large Vision-Language Models to Selectively Utilize Retrieved Information,"Sun, Jiashuo and others",Proc. Conf. Empirical Methods Natural Language Process. (EMNLP),2024,no,included,
sharifymoghaddam2024unirag,UniRAG: Universal Retrieval Augmentation for Large Vision Language Models,"Sharifymoghaddam, Sahel and Upadhyay, Shivani and Chen, Wenhu and Lin, Jimmy",arXiv preprint arXiv:2405.10311,2024,yes,included,
sun2025visrag2,VisRAG 2.0: Evidence-Guided Multi-Image Reasoning in Visual Retrieval-Augmented Generation,"Sun, Yubo and Peng, Chunyi and Yan, Yukun and Yu, Shi and Liu, Zhenghao and Chen, Chi and Liu, Zhiyuan and Sun, Maosong",arXiv preprint arXiv:2510.09733,2025,yes,included,
most2025lostocr,Lost in OCR Translation? Vision-Based Approaches to Robust Document Retrieval,Most and Winjum and Bhattarai and others,Proc. ACM Symp. Document Engineering (DocEng),2025,no,included,
piryani2025multiocrqa,MultiOCR-QA: A Multilingual Dataset for Question Answering on OCR-Processed Text,"Piryani, Bhawna and others",arXiv preprint arXiv:2502.16781,2025,yes,included,
yan2025docpruner,DocPruner: A Storage-Efficient Framework for Multi-Vector Visual Document Retrieval via Adaptive Patch-Level Embedding Pruning,"Yan, Yibo and Xu, Guangwei and Zou, Xin and Liu, Shuliang and Kwok, James and Hu, Xuming",arXiv preprint arXiv:2509.23883,2025,yes,included,
visuallatechunking2026,Visual Late Chunking: An Empirical Study of Contextual Chunking for Efficient Visual Document Retrieval,Anonymous,arXiv preprint arXiv:2604.10167,2026,yes,included,
beyondgrid2026,Beyond the Grid: Layout-Informed Multi-Vector Retrieval with Parsed Visual Document Representations,Anonymous,arXiv preprint arXiv:2603.01666,2026,yes,included,
cmrag2025,CMRAG: Co-Modality-Based Visual Document Retrieval and Question Answering,Anonymous,arXiv preprint arXiv:2509.02123,2025,yes,included,
meng2025vlm2vecv2,"VLM2Vec-V2: Advancing Multimodal Embedding for Videos, Images, and Visual Documents","Meng, Rui and Jiang, Ziyan and Liu, Ye and Su, Hanyu and others",arXiv preprint arXiv:2507.04590,2025,yes,included,
moreira2026nemotroncolembed,Nemotron ColEmbed V2: Top-Performing Late Interaction Embedding Models for Visual Document Retrieval,"Moreira, Gabriel de Souza P. and Osmulski, Radek and Xu, Mengyao and Ak, Ronay and Schifferer, Benedikt and Oldridge, Even",arXiv preprint arXiv:2602.03992,2026,yes,included,
nandi2024vducomparative,Visual Document Understanding: A Comparative Review of Modern Methods,"Nandi, Kalyan and Sathya, S. Siva",Proc. Int. Conf. Computer Vision and Image Processing (CVIP),2024,no,included,
li2025dotsocr,dots.ocr: Multilingual Document Layout Parsing in a Single Vision-Language Model,"Li, Yumeng and Yang, Guang and Liu, Hao and Wang, Bowen and Zhang, Colin",arXiv preprint arXiv:2512.02498,2025,yes,included,
li2025monkeyocr,MonkeyOCR: Document Parsing with a Structure-Recognition-Relation Triplet Paradigm,"Li, Zhang and Liu, Yuliang and Liu, Qiang and Ma, Zhiyin and Zhang, Ziyang and Zhang, Shuo and Guo, Zidun and Zhang, Jiarui and Wang, Xinyu and Bai, Xiang",arXiv preprint arXiv:2506.05218,2025,yes,included,
cui2025paddleocrvl,PaddleOCR-VL: Boosting Multilingual Document Parsing via a 0.9B Ultra-Compact Vision-Language Model,"Cui, Cheng and Sun, Ting and Lin, Manhui and Gao, Tingquan and Zhang, Yubo and Liu, Jiaxuan and Wang, Xueqing and Zhang, Zelun and Zhou, Changda and Liu, Hongen and others",arXiv preprint arXiv:2510.14528,2025,yes,included,
wei2025deepseekocr,DeepSeek-OCR: Contexts Optical Compression,"Wei, Haoran and Sun, Yaofeng and Li, Yukun",arXiv preprint arXiv:2510.18234,2025,yes,included,
li2025readoc,READoc: A Unified Benchmark for Realistic Document Structured Extraction,"Li, Zichao and Abulaiti, Aizier and Lu, Yaojie and Chen, Xuanang and Zheng, Jia and Lin, Hongyu and Han, Xianpei and Jiang, Shanshan and Dong, Bin and Sun, Le",Findings of ACL,2025,no,included,
qiao2025reproducibility,"Reproducibility, Replicability, and Insights into Visual Document Retrieval with Late Interaction","Qiao, Jingfen and Ju, Jia-Huei and Ma, Xinyu and Kanoulas, Evangelos and Yates, Andrew",Proc. Int. ACM SIGIR Conf. Res. Develop. Inf. Retrieval,2025,no,included,
hkrag2025,HKRAG: Holistic Knowledge Retrieval-Augmented Generation over Visually-Rich Documents,"Tong, Anyang and Niu, Xiang and Liu, ZhiPing and Tian, Chang and Wei, Yanyan and Shi, Zenglin and Wang, Meng",arXiv preprint arXiv:2511.20227,2025,yes,included,
hybridvector2025,Hybrid-Vector Retrieval for Visually Rich Documents: Combining Single-Vector Efficiency and Multi-Vector Accuracy,Anonymous,arXiv preprint arXiv:2510.22215,2025,yes,included,
lfrag2026,LFRAG: Layout-oriented Fine-grained Retrieval-Augmented Generation on Multimodal Document Understanding,Anonymous,arXiv preprint arXiv:2605.22829,2026,yes,included,
wang2025bookrag,BookRAG: A Hierarchical Structure-Aware Index-Based Approach for Retrieval-Augmented Generation on Complex Documents,"Wang, Shu and Zhou, Yingli and Fang, Yixiang",arXiv preprint arXiv:2512.03413,2025,yes,included,
tang2025cotraining,Boosting Retrieval-Augmented Generation with Generation-Augmented Retrieval: A Co-Training Approach,"Tang, Yubao and Zhang, Ruqing and Guo, Jiafeng and de Rijke, Maarten and Fan, Yixing and Cheng, Xueqi",Proc. Int. ACM SIGIR Conf. Res. Develop. Inf. Retrieval,2025,no,included,
icdarw2025docvqarag,Enhancing Document VQA Models via Retrieval-Augmented Generation,Anonymous,Document Analysis and Recognition --- ICDAR 2025 Workshops,2025,no,included,
tito2021dcvqa,Document Collection Visual Question Answering,"Tito, Rub\'en and Karatzas, Dimosthenis and Valveny, Ernest",Proc. Int. Conf. Document Analysis and Recognition (ICDAR),2021,no,included,
kang2024multipage,Multi-Page Document Visual Question Answering Using Self-Attention Scoring Mechanism,"Kang, Lei and Tito, Rub\'en and Valveny, Ernest and Karatzas, Dimosthenis",Proc. Int. Conf. Document Analysis and Recognition (ICDAR),2024,no,included,
qin2026lmsretrieval,"LMS-Retrieval: Layout-Aware, Modality-Aware, Structure-Aware Document Retrieval","Qin, Man and French, Tim and Liu, Wei",Document Analysis and Recognition --- ICDAR 2026,2026,no,included,
liu2025screenshot,Any Information Is Just Worth One Single Screenshot: Unifying Search with Visualized Information Retrieval,"Liu, Zheng and Liu, Ze and Liang, Zhengyang and Zhou, Junjie and Xiao, Shitao and Gao, Chao and Zhang, Chen Jason and Lian, Defu",Proc. Annu. Meeting Assoc. Comput. Linguistics (ACL),2025,no,included,
liu2026lookmiddle,Look in the Middle: Structural Anchor Pruning for Scalable Visual RAG Indexing,"Liu, Zhu and Hu, Ziyu and Zhang, Yao and Xiao, Yu",arXiv preprint arXiv:2601.20107,2026,yes,included,
liu2025lamra,LaMRA: Large Multimodal Model as Your Advanced Retrieval Assistant,"Liu, Yikun and Zhang, Yajie and Cai, Jiayin and Jiang, Xiaolong and Hu, Yao and Yao, Jiangchao and Wang, Yanfeng and Xie, Weidi",Proc. IEEE/CVF Conf. Comput. Vis. Pattern Recognit. (CVPR),2025,no,included,
wan2025mmgraphrag,MMGraphRAG: Bridging Vision and Language with Interpretable Multimodal Knowledge Graphs,"Wan, Xueyao and Yu, Hang",arXiv preprint arXiv:2507.20804,2025,yes,included,
yang2024crag,CRAG: Comprehensive RAG Benchmark,"Yang, Xiao and Sun, Kai and Xin, Hao and Sun, Yushi and Bhalla, Nikita and Chen, Xiangsen and Choudhary, Sajal and Gui, Rongze D. and Jiang, Ziran W. and Jiang, Ziyu and others",Adv. Neural Inf. Process. Syst. (NeurIPS),2024,no,included,
li2022tablestructure,Table Structure Recognition and Form Parsing by End-to-End Object Detection and Relation Parsing,"Li, Xiao-Hui and Yin, Fei and Dai, Hao-Sen and Liu, Cheng-Lin",Pattern Recognition,2022,no,included,
zhong2020imagetable,"Image-Based Table Recognition: Data, Model, and Evaluation","Zhong, Xu and ShafieiBavani, Elaheh and Jimeno Yepes, Antonio",Proc. Eur. Conf. Comput. Vis. (ECCV),2020,no,included,
zhao2025tabpedia,TabPedia: Towards Comprehensive Visual Table Understanding with Concept Synergy,"Zhao, Weichao and Feng, Hao and Liu, Qi and Tang, Jingqun and Wu, Binghong and Liao, Lei and Wei, Shu and Ye, Yongjie and Liu, Hao and Zhou, Wengang and others",Adv. Neural Inf. Process. Syst. (NeurIPS),2025,no,included,
powalski2021tilt,Going Full-Tilt Boogie on Document Understanding with Text-Image-Layout Transformer,"Powalski, Rafa\l and Borchmann, \Lukasz and Jurkiewicz, Dawid and Dwojak, Tomasz and Pietruszka, Micha\l",Proc. Int. Conf. Document Analysis and Recognition (ICDAR),2021,no,included,
zhao2024doclayoutyolo,DocLayout-YOLO: Enhancing Document Layout Analysis through Diverse Synthetic Data and Global-to-Local Adaptive Perception,"Zhao, Zhiyuan and Kang, Hengrui and Wang, Bin and He, Conghui",arXiv preprint arXiv:2410.12628,2024,yes,included,
dimt2026competition,ICDAR 2025 Competition on End-to-End Document Image Machine Translation Towards Complex Layouts,Anonymous,arXiv preprint arXiv:2603.09392,2026,yes,included,
datagen2026survey,Beyond Human Annotation: Recent Advances in Data Generation Methods for Document Intelligence,Anonymous,arXiv preprint arXiv:2601.12318,2026,yes,included,
mmdocrag2025,Benchmarking Retrieval-Augmented Multimodal Generation for Document Question Answering,"Dong, Kuicai and Chang, Yujing and Zhang, Xin and Goh Xin Deik, Derrick and Li, Dexun and Ding, Ruiming and Liu, Yong","Adv. Neural Inf. Process. Syst. (NeurIPS), Datasets and Benchmarks Track",2025,no,included,
docHaystacks2024,Document Haystacks: Vision-Language Reasoning over Piles of 1000+ Documents,Anonymous,arXiv preprint arXiv:2411.16740,2024,yes,included,
longdocurl2024,"LongDocURL: A Comprehensive Multimodal Long Document Benchmark Integrating Understanding, Reasoning and Locating","Deng, Chao and others",arXiv preprint arXiv:2412.18424,2024,yes,included,
hu2024mragbench,MRAG-Bench: Vision-Centric Evaluation for Retrieval-Augmented Multimodal Models,"Hu, Wenbo and others",Proc. Int. Conf. Learning Representations (ICLR),2025,no,included,
wu2025visualrag,Visual-RAG: Benchmarking Text-to-Image Retrieval Augmented Generation for Visual Knowledge Intensive Queries,Wu and others,arXiv preprint arXiv:2502.16636,2025,yes,included,
lu2022scienceqa,Learn to Explain: Multimodal Reasoning via Thought Chains for Science Question Answering,"Lu, Pan and Mishra, Swaroop and Xia, Tanglin and Qiu, Liang and Chang, Kai-Wei and Zhu, Song-Chun and Tafjord, Oyvind and Clark, Peter and Kalyan, Ashwin",Adv. Neural Inf. Process. Syst. (NeurIPS),2022,no,included,
ding2023pdfvqa,PDF-VQA: A New Dataset for Real-World VQA on PDF Documents,"Ding, Yihao and Luo, Siwen and Chung, Hyunsuk and Han, Soyeon Caren",arXiv preprint arXiv:2304.06447,2023,yes,included,
lu2004docimageretrieval,Information Retrieval in Document Image Databases,"Lu, Yue and Tan, Chew Lim",IEEE Trans. Knowledge and Data Engineering,2004,no,included,
liu2008mobileretriever,Mobile Retriever: Access to Digital Documents from Their Physical Source,"Liu, Xu and Doermann, David",Int. J. Document Analysis and Recognition (IJDAR),2008,no,included,
liu2023instancelevel,End-to-End Learning of Representations for Instance-Level Document Image Retrieval,"Liu, Li and Lu, Yue and Suen, Ching Y.",Applied Soft Computing,2023,no,included,
teiletche2025modernvbert,ModernVBERT: Towards Smaller Visual Document Retrievers,"Teiletche, Paul and Mac\'e, Quentin and Conti, Max and Loison, Ant\'onio and Viaud, Gautier and Colombo, Pierre and Faysse, Manuel",arXiv preprint arXiv:2510.01149,2025,yes,included,
xu2022xfund,XFUND: A Benchmark Dataset for Multilingual Visually Rich Form Understanding,"Xu, Yiheng and Lv, Tengchao and Cui, Lei and Wang, Guoxin and Lu, Yijuan and Florencio, Dinei and Zhang, Cha and Wei, Furu",Findings of ACL,2022,no,included,
schimanski2026pdfqa,"pdfQA: Diverse, Challenging, and Realistic Question Answering over PDFs","Schimanski, Tobias and Kolli, Imene and Fan, Yu and Saeid Vaghefi, Ario and Ni, Jingwei and Ash, Elliott and Leippold, Markus",arXiv preprint arXiv:2601.02285,2026,yes,included,
citevqa2026,CiteVQA: Benchmarking Evidence Attribution for Trustworthy Document Intelligence,Anonymous,arXiv preprint arXiv:2605.12882,2026,yes,included,
arial2025,ARIAL: An Agentic Framework for Document VQA with Precise Answer Localization,Anonymous,arXiv preprint arXiv:2511.18192,2025,yes,included,
page2021prisma,The PRISMA 2020 Statement: An Updated Guideline for Reporting Systematic Reviews,"Page, Matthew J. and McKenzie, Joanne E. and Bossuyt, Patrick M. and Boutron, Isabelle and Hoffmann, Tammy C. and Mulrow, Cynthia D. and others",BMJ,2021,no,included,
wu2025molorag,MoLoRAG: Bootstrapping Document Understanding via Multi-modal Logic-aware Retrieval,"Wu, Xixi and Tan, Yanchao and Hou, Nan and Zhang, Ruiyang and Cheng, Hong",Proc. Conf. Empirical Methods Natural Language Process. (EMNLP),2025,no,included,
harley2015rvlcdip,Evaluation of Deep Convolutional Nets for Document Image Classification and Retrieval,"Harley, Adam W. and Ufkes, Alex and Derpanis, Konstantinos G.",Proc. Int. Conf. Document Analysis and Recognition (ICDAR),2015,no,included,
xing2024dochienet,DocHieNet: A Large and Diverse Dataset for Document Hierarchy Parsing,"Xing, Hangdi and Cheng, Changxu and Gao, Feiyu and Shao, Zirui and Yu, Zhi and Bu, Jiajun and Zheng, Qi and Yao, Cong",Proc. Conf. Empirical Methods Natural Language Process. (EMNLP),2024,no,included,
he2023icld3ie,ICL-D3IE: In-Context Learning with Diverse Demonstrations Updating for Document Information Extraction,"He, Jiabang and Wang, Lei and Hu, Yi and Liu, Ning and Liu, Hui and Xu, Xing and Shen, Heng Tao",Proc. IEEE/CVF Int. Conf. Comput. Vis. (ICCV),2023,no,included,
hikey2026,HiKEY: Hierarchical Multimodal Retrieval for Open-Domain Document Question Answering,Anonymous,arXiv preprint arXiv:2605.29606,2026,yes,included,
masry2025colflor,ColFlor: Towards BERT-Size Vision-Language Document Retrieval Models,"Masry, Ahmed and Hoque, Enamul",Proc. IEEE Int. Workshop Machine Learning for Signal Processing (MLSP),2025,no,included,
masry2025colmate,ColMate: Contrastive Late Interaction and Masked Text for Multimodal Document Retrieval,"Masry, Ahmed and Thakkar, Megh and Bechard, Patrice and Madhusudhan, Sathwik Tejaswi and Awal, Rabiul and Mishra, Shambhavi and Suresh, Akshay Kalkunte and Daruru, Srivatsava and Hoque, Enamul and Gella, Spandana and others","Proc. Conf. Empirical Methods Natural Language Process. (EMNLP), Industry Track",2025,no,included,
ding2025vrdiu,VRD-IU: Lessons from Visually Rich Document Intelligence and Understanding,"Ding, Yihao and Han, Soyeon Caren and Li, Yan and Poon, Josiah",arXiv preprint arXiv:2506.01388,2025,yes,included,
edge2024graphrag,From Local to Global: A Graph RAG Approach to Query-Focused Summarization,"Edge, Darren and Trinh, Ha and Cheng, Newman and Bradley, Joshua and Chao, Alex and Mody, Apurva and Truitt, Steven and Metropolitansky, Dasha and Ness, Robert Osazuwa and Larson, Jonathan",arXiv preprint arXiv:2404.16130,2024,yes,included,
vrdqasurvey2025,"Survey on Question Answering over Visually Rich Documents: Methods, Challenges, and Trends",Anonymous,arXiv preprint arXiv:2501.02235,2025,yes,included,
dong2024multipagermt,Multi-Page Document VQA with Recurrent Memory Transformer,"Dong, Qi and Kang, Lei and Karatzas, Dimosthenis",Proc. Int. Workshop Document Analysis Systems (DAS),2024,no,included,
yang2025superrag,SuperRAG: Beyond RAG with Layout-Aware Graph Modeling,"Yang, Chening and Vu, Duy-Khanh and Nguyen, Minh-Tien and Nguyen, Xuan-Quang and Nguyen, Linh and Le, Hung","Proc. Conf. North American Chapter Assoc. Comput. Linguistics (NAACL), Industry Track",2025,no,included,
dhouib2023docparser,DocParser: End-to-End OCR-free Information Extraction from Visually Rich Documents,"Dhouib, Mohamed and Bettaieb, Ghassen and Shabou, Aymen",Proc. Int. Conf. Document Analysis and Recognition (ICDAR),2023,no,included,
rightway2025,Are We on the Right Way for Assessing Document Retrieval-Augmented Generation?,Anonymous,arXiv preprint arXiv:2508.03644,2025,yes,included,
irpapers2026,irpapers: A Visual Document Benchmark for Scientific Retrieval and Question Answering,Anonymous,arXiv preprint arXiv:2602.17687,2026,yes,included,
nguyen2025serval,Serval: Surprisingly Effective Zero-Shot Visual Document Retrieval Powered by Large Vision and Language Models,"Nguyen, Thong and Lei, Yibin and Ju, Jia-Huei and Yates, Andrew",arXiv preprint arXiv:2509.15432,2025,yes,included,
mortaheb2025ragcheck,RAG-Check: Evaluating Multimodal Retrieval Augmented Generation Performance,"Mortaheb, Matin and Khojastepour, Mohammad A. Amir and Chakradhar, Srimat T. and Ulukus, Sennur",arXiv preprint arXiv:2501.03995,2025,yes,included,
liu2026textmonkey,TextMonkey: An OCR-free Large Multimodal Model for Understanding Document,"Liu, Yuliang and Yang, Biao and Liu, Qiang and Li, Zhang and Ma, Zhiyin and Zhang, Shuo and Bai, Xiang",IEEE Trans. Pattern Anal. Mach. Intell.,2026,no,included,
weivary2024,Vary: Scaling up the Vision Vocabulary for Large Vision-Language Models,"Wei, Haoran and Kong, Lingyu and Chen, Jinyue and Zhao, Liang and Ge, Zheng and Yang, Jinrong and others",Proc. Eur. Conf. Comput. Vis. (ECCV),2024,no,included,
poznanski2025olmocr,olmOCR: Unlocking Trillions of Tokens in PDFs with Vision Language Models,"Poznanski, Jake and Borchardt, Jon and Dunkelberger, Jason and Huff, Regan and Lin, Daniel and Rangapur, Aman and Wilhelm, Christopher and Lo, Kyle and Soldaini, Luca",arXiv preprint arXiv:2502.18443,2025,yes,included,
livathinos2025docling,Docling: An Efficient Open-Source Toolkit for AI-Driven Document Conversion,"Livathinos, Nikolaos and Auer, Christoph and Lysak, Maksym and Nassar, Ahmed and Dolfi, Michele and Vagenas, Panos and Ramis, Cesar Berrospi and Omenetti, Matteo and others",arXiv preprint arXiv:2501.17887,2025,yes,included,
luo2024layoutllm,LayoutLLM: Layout Instruction Tuning with Large Language Models for Document Understanding,"Luo, Chuwei and Shen, Yufan and Zhu, Zhaoqing and Zheng, Qi and Yu, Zhi and Yao, Cong",Proc. IEEE/CVF Conf. Comput. Vis. Pattern Recognit. (CVPR),2024,no,included,
dhulipalamuvera2024,MUVERA: Multi-Vector Retrieval via Fixed Dimensional Encoding,"Dhulipala, Laxman and Hadian, Majid and Jayaram, Rajesh and Lee, Jason and Mirrokni, Vahab",Adv. Neural Inf. Process. Syst. (NeurIPS),2024,no,included,
park2025scv,SCV: Light and Effective Multi-Vector Retrieval with Sequence Compressive Vectors,"Park, Cheoneum and Jeong, Seohyeong and Kim, Minsang and Lim, KyungTae and Lee, Yong-Hun","Proc. Int. Conf. Computational Linguistics (COLING), Industry Track",2025,no,included,
ma-etal-2025-towards-storage,Towards Storage-Efficient Visual Document Retrieval: An Empirical Study on Reducing Patch-Level Embeddings,"Ma, Yubo and Li, Jinsong and Zang, Yuhang and others",Proc. Annu. Meeting Assoc. Comput. Linguistics (ACL),2025,no,included,
dai2024graphmllm,GraphMLLM: A Graph-Based Multi-Level Layout Language- Independent Model for Document Understanding,"Dai, He-Sen and Li, Xiao-Hui and Yin, Fei and Yan, Xudong and Mei, Shuqi and Liu, Cheng-Lin",Proc. Int. Conf. Document Analysis and Recognition (ICDAR),2024,no,included,
zhuenhancing2025,Enhancing Document Understanding with Group Position Embedding,"Zhu, Yuke and Zhang, Yue and Liu, Dongdong and Xie, Chi and Xiong, Zihua and Zheng, Bo and others",Proc. Int. Conf. Learning Representations (ICLR),2025,no,included,
nacson2025docvlm,DocVLM: Make Your VLM an Efficient Reader,"Nacson, Mor Shpigel and Aberdam, Aviad and Ganz, Roy and Ben Avraham, Elad and Golts, Alona and Kittenplon, Yair and Mazor, Shai and Litman, Ron",Proc. IEEE/CVF Conf. Comput. Vis. Pattern Recognit. (CVPR),2025,no,included,
jin-etal-2026-slideagent,SlideAgent: Hierarchical Agentic Framework for Multi-Page Visual Document Understanding,"Jin, Yiqiao and Kaur, Rachneet and Zeng, Zhen and others",Proc. Annu. Meeting Assoc. Comput. Linguistics (ACL),2026,no,included,
zhu-etal-2026-doclens,DocLens: A Tool-Augmented Multi-Agent Framework for Long Visual Document Understanding,"Zhu, Dawei and Meng, Rui and Chen, Jiefeng and others",Proc. Annu. Meeting Assoc. Comput. Linguistics (ACL),2026,no,included,
han2025mdocagent,MDocAgent: A Multi-Modal Multi-Agent Framework for Document Understanding,"Han, Siwei and Xia, Peng and Zhang, Ruiyi and Sun, Tong and Li, Yun and Zhu, Hongtu and Yao, Huaxiu",arXiv preprint arXiv:2503.13964,2025,yes,included,
mardoc2026,MARDoc: A Memory-Aware Refinement Agent Framework for Multimodal Long Document QA,Anonymous,arXiv preprint arXiv:2606.05749,2026,yes,included,
crisp2025,CRISP: Clustering Multi-Vector Representations for Denoising and Pruning,Anonymous,arXiv preprint arXiv:2505.11471,2025,yes,included,
guan2025tokenfd,A Token-level Text Image Foundation Model for Document Understanding,"Guan, Tongkun and Wang, Zining and Fu, Pei and Guo, Zhengtao and Shen, Wei and Zhou, Kai and Yue, Tiezhu and Duan, Chen and Sun, Hao and Jiang, Qianyi and others",Proc. IEEE/CVF Int. Conf. Comput. Vis. (ICCV),2025,no,included,
micenkova2011stampdetection,Stamp Detection in Color Document Images,"Micenkov\'a, Barbora and van Beusekom, Joost",Proc. Int. Conf. Document Analysis and Recognition (ICDAR),2011,no,included,
ueda1995bankchecks,Extraction of Signature and Seal Imprint from Bankchecks Using Color Information,"Ueda, K.",Proc. Int. Conf. Document Analysis and Recognition (ICDAR),1995,no,included,
